-- MySQL dump 10.13  Distrib 8.0.25, for Linux (x86_64)
--
-- Host: localhost    Database: ABQAR
-- ------------------------------------------------------
-- Server version	8.0.25-0ubuntu0.20.04.1

/*!40101 SET @OLD_CHARACTER_SET_CLIENT=@@CHARACTER_SET_CLIENT */;
/*!40101 SET @OLD_CHARACTER_SET_RESULTS=@@CHARACTER_SET_RESULTS */;
/*!40101 SET @OLD_COLLATION_CONNECTION=@@COLLATION_CONNECTION */;
/*!50503 SET NAMES utf8mb4 */;
/*!40103 SET @OLD_TIME_ZONE=@@TIME_ZONE */;
/*!40103 SET TIME_ZONE='+00:00' */;
/*!40014 SET @OLD_UNIQUE_CHECKS=@@UNIQUE_CHECKS, UNIQUE_CHECKS=0 */;
/*!40014 SET @OLD_FOREIGN_KEY_CHECKS=@@FOREIGN_KEY_CHECKS, FOREIGN_KEY_CHECKS=0 */;
/*!40101 SET @OLD_SQL_MODE=@@SQL_MODE, SQL_MODE='NO_AUTO_VALUE_ON_ZERO' */;
/*!40111 SET @OLD_SQL_NOTES=@@SQL_NOTES, SQL_NOTES=0 */;

--
-- Table structure for table `child_in_class`
--

DROP TABLE IF EXISTS `child_in_class`;
/*!40101 SET @saved_cs_client     = @@character_set_client */;
/*!50503 SET character_set_client = utf8mb4 */;
CREATE TABLE `child_in_class` (
  `id` int NOT NULL AUTO_INCREMENT,
  `user_id` int NOT NULL,
  `class_id` int NOT NULL,
  `approved` tinyint(1) NOT NULL DEFAULT '0',
  `created_at` timestamp NOT NULL DEFAULT CURRENT_TIMESTAMP,
  PRIMARY KEY (`id`)
) ENGINE=InnoDB AUTO_INCREMENT=208 DEFAULT CHARSET=utf8mb3;
/*!40101 SET character_set_client = @saved_cs_client */;

--
-- Dumping data for table `child_in_class`
--

LOCK TABLES `child_in_class` WRITE;
/*!40000 ALTER TABLE `child_in_class` DISABLE KEYS */;
INSERT INTO `child_in_class` VALUES (1,8,2,0,'2021-03-09 09:30:01'),(2,8,2,1,'2021-03-09 09:30:21'),(3,66,2,0,'2021-03-09 09:31:50'),(7,80,82,1,'2021-03-09 09:43:36'),(8,76,82,1,'2021-03-09 09:59:45'),(11,2,80,0,'2021-03-09 12:33:59'),(12,80,2,0,'2021-03-09 12:34:46'),(20,81,82,0,'2021-03-11 20:20:22'),(21,81,82,0,'2021-03-11 20:20:47'),(26,81,10,1,'2021-03-13 09:19:51'),(45,81,6,0,'2021-03-20 03:27:38'),(46,81,6,0,'2021-03-20 03:30:41'),(47,81,6,0,'2021-03-20 03:31:48'),(48,81,83,0,'2021-03-20 03:41:06'),(49,81,83,0,'2021-03-20 03:41:16'),(50,89,6,0,'2021-03-20 17:07:41'),(51,81,6,0,'2021-03-20 17:09:12'),(52,81,6666,0,'2021-03-20 17:09:21'),(53,89,6,0,'2021-03-20 17:10:09'),(54,89,646464,0,'2021-03-20 17:10:15'),(55,81,666644,0,'2021-03-20 17:10:43'),(56,81,6,0,'2021-03-20 17:11:26'),(57,89,6,0,'2021-03-20 17:13:23'),(58,89,6,0,'2021-03-20 17:16:37'),(59,89,6,0,'2021-03-20 17:20:29'),(60,89,6,0,'2021-03-20 17:21:58'),(61,89,6,0,'2021-03-20 17:32:21'),(62,89,8,0,'2021-03-20 17:33:17'),(63,91,90,0,'2021-03-20 18:04:07'),(64,91,90,0,'2021-03-20 18:05:05'),(70,81,24,1,'2021-03-20 18:25:04'),(71,91,24,1,'2021-03-20 18:27:47'),(72,0,94,0,'2021-03-22 17:39:41'),(73,0,94,0,'2021-03-22 17:40:13'),(74,0,94,0,'2021-03-22 17:40:20'),(75,94,49,0,'2021-03-22 17:41:59'),(76,94,94,0,'2021-03-22 17:42:03'),(77,95,94,1,'2021-03-22 17:45:04'),(78,95,94,0,'2021-03-22 17:45:08'),(79,95,49,0,'2021-03-22 17:45:16'),(80,95,94,0,'2021-03-22 17:45:32'),(81,95,94,0,'2021-03-22 17:45:39'),(82,95,49,0,'2021-03-22 17:45:47'),(83,95,94,0,'2021-03-22 17:45:58'),(84,94,90,0,'2021-03-23 13:00:33'),(85,91,90,0,'2021-03-23 13:39:26'),(86,91,90,0,'2021-03-23 13:41:40'),(87,91,90,0,'2021-03-23 13:42:04'),(88,91,90,0,'2021-03-23 13:43:50'),(89,0,94,0,'2021-03-23 14:04:14'),(90,95,94,0,'2021-03-23 14:46:06'),(91,95,94,0,'2021-03-23 14:46:20'),(102,90,30,0,'2021-03-24 11:00:05'),(103,90,30,0,'2021-03-24 11:00:24'),(104,90,30,0,'2021-03-24 11:06:04'),(105,81,6,1,'2021-03-25 10:48:30'),(106,115,38,1,'2021-03-26 17:06:28'),(114,101,6,1,'2021-04-03 04:44:30'),(115,127,27,1,'2021-04-03 10:45:07'),(134,133,28,0,'2021-04-09 19:17:08'),(135,133,29,1,'2021-04-09 19:17:11'),(136,133,32,0,'2021-04-09 19:17:25'),(139,133,28,0,'2021-04-09 19:19:09'),(140,133,29,1,'2021-04-09 19:19:15'),(142,133,29,1,'2021-04-09 19:22:02'),(143,133,39,0,'2021-04-09 19:22:12'),(144,8,2,0,'2021-04-09 20:01:20'),(145,8,2,0,'2021-04-09 20:35:24'),(146,8,2,0,'2021-04-09 20:40:01'),(147,8,2,0,'2021-04-09 20:41:48'),(148,811,2,0,'2021-04-09 20:44:59'),(149,81,2,0,'2021-04-09 20:47:16'),(151,133,40,1,'2021-04-09 21:39:30'),(152,133,27,1,'2021-04-10 16:14:52'),(153,151,25,0,'2021-04-16 20:11:13'),(154,152,123,0,'2021-04-17 16:49:29'),(155,153,1,0,'2021-04-17 21:33:14'),(156,154,12,0,'2021-04-17 23:47:29'),(158,157,52,1,'2021-04-19 21:14:47'),(159,157,53,0,'2021-04-20 22:27:33'),(160,165,53,1,'2021-04-21 02:26:55'),(162,167,54,1,'2021-04-21 20:00:11'),(163,168,54,1,'2021-04-21 20:01:19'),(164,169,54,1,'2021-04-21 20:02:43'),(165,166,54,1,'2021-04-21 20:13:19'),(166,171,53,1,'2021-04-22 21:16:29'),(167,80,6,0,'2021-04-23 00:48:37'),(168,80,24,0,'2021-04-23 00:50:28'),(169,171,44,0,'2021-04-23 02:00:19'),(170,80,25,0,'2021-04-27 11:15:38'),(171,80,26,1,'2021-04-27 11:18:31'),(172,171,20,0,'2021-04-30 23:28:19'),(174,7,21123,0,'2021-05-01 01:25:53'),(175,80,58,0,'2021-05-01 01:26:48'),(176,91,59,0,'2021-05-01 01:28:33'),(177,81,59,0,'2021-05-01 01:28:44'),(178,7,21144,0,'2021-05-01 01:29:31'),(179,7,21111,0,'2021-05-01 01:29:41'),(180,7,211112,0,'2021-05-01 01:31:00'),(181,81,60,0,'2021-05-01 01:31:56'),(182,7,21122,0,'2021-05-01 01:35:44'),(183,7,2112,0,'2021-05-01 01:37:09'),(184,81,61,0,'2021-05-01 01:49:34'),(185,91,61,0,'2021-05-01 16:17:58'),(186,80,61,0,'2021-05-01 16:18:15'),(187,80,60,0,'2021-05-01 16:18:56'),(188,80,59,0,'2021-05-01 16:20:25'),(189,166,55,1,'2021-05-01 19:48:32'),(190,166,60,0,'2021-05-01 22:29:15'),(191,166,59,0,'2021-05-01 22:30:37'),(192,91,60,0,'2021-05-01 22:35:18'),(193,101,61,0,'2021-05-01 22:35:48'),(194,101,60,0,'2021-05-01 22:36:15'),(195,7,21129,0,'2021-05-02 00:00:51'),(196,101,63,0,'2021-05-02 01:03:36'),(197,81,63,0,'2021-05-02 01:06:01'),(198,81,211251,0,'2021-05-04 21:02:20'),(199,81,211200,0,'2021-05-04 22:29:24'),(200,166,64,0,'2021-05-04 23:24:40'),(202,166,66,1,'2021-05-06 01:09:44'),(203,167,66,1,'2021-05-06 01:20:36'),(204,168,66,1,'2021-05-06 01:22:04'),(205,7,2100,0,'2021-05-06 02:58:39'),(206,7,210,0,'2021-05-06 02:59:17'),(207,200,66,1,'2021-05-06 09:42:05');
/*!40000 ALTER TABLE `child_in_class` ENABLE KEYS */;
UNLOCK TABLES;

--
-- Table structure for table `classes`
--

DROP TABLE IF EXISTS `classes`;
/*!40101 SET @saved_cs_client     = @@character_set_client */;
/*!50503 SET character_set_client = utf8mb4 */;
CREATE TABLE `classes` (
  `id` int NOT NULL AUTO_INCREMENT,
  `name` varchar(100) NOT NULL,
  `teacher_id` int NOT NULL,
  `avatar_id` int NOT NULL,
  `count` int NOT NULL,
  `created_at` timestamp NOT NULL DEFAULT CURRENT_TIMESTAMP,
  PRIMARY KEY (`id`)
) ENGINE=InnoDB AUTO_INCREMENT=70 DEFAULT CHARSET=utf8mb3;
/*!40101 SET character_set_client = @saved_cs_client */;

--
-- Dumping data for table `classes`
--

LOCK TABLES `classes` WRITE;
/*!40000 ALTER TABLE `classes` DISABLE KEYS */;
INSERT INTO `classes` VALUES (2,'rrr',80,1,-1,'2021-03-08 10:29:44'),(3,'rrr',80,1,0,'2021-03-08 10:29:51'),(4,'فصل الرعد',78,1,0,'2021-03-08 12:15:44'),(5,'فصل الرعد',78,1,0,'2021-03-09 08:59:10'),(6,'الفصل الأول',82,1,17,'2021-03-09 09:00:49'),(7,'الفصل الأول',82,1,0,'2021-03-09 09:42:02'),(8,'test',82,1,0,'2021-03-09 19:47:24'),(9,'Dd',0,1,0,'2021-03-09 19:55:24'),(10,'Dd',82,1,1,'2021-03-09 19:56:58'),(11,'Ff',82,1,0,'2021-03-09 19:58:57'),(12,'Ggg',82,1,0,'2021-03-09 20:00:03'),(13,'Kk',82,1,0,'2021-03-09 20:00:45'),(14,'Sanad',82,1,0,'2021-03-10 10:12:38'),(15,'فصل المجانين',82,1,0,'2021-03-12 06:33:29'),(16,'Hh',82,1,0,'2021-03-14 05:47:34'),(17,'Kk',82,1,0,'2021-03-14 05:47:43'),(18,'Mm',82,1,0,'2021-03-14 05:47:55'),(19,'Fgdgd',82,1,0,'2021-03-17 19:13:55'),(20,',bam,',82,1,0,'2021-03-18 17:59:09'),(21,'Dfd',82,1,0,'2021-03-20 06:07:54'),(22,'سبيس',82,1,0,'2021-03-20 06:17:01'),(23,'الشجعان',82,1,0,'2021-03-20 18:15:40'),(24,'الشجعان',92,1,5,'2021-03-20 18:17:53'),(25,'العباق',92,1,0,'2021-03-20 18:18:25'),(26,',mm',92,1,1,'2021-03-20 18:42:47'),(27,'فصل الشجعان',97,1,-18,'2021-03-23 12:24:10'),(28,'الاقوياء ٥/ب',97,1,0,'2021-03-23 12:24:45'),(29,'الاقوياء',97,1,3,'2021-03-23 14:10:11'),(30,'Www',90,1,3,'2021-03-23 18:09:41'),(31,'سب',90,1,0,'2021-03-24 08:49:16'),(32,'٥/ب',97,1,0,'2021-03-24 09:02:12'),(33,'Cc',90,1,0,'2021-03-24 09:07:26'),(34,'Sfsf',90,1,0,'2021-03-24 09:13:21'),(35,'Sfs',90,1,0,'2021-03-24 10:34:52'),(36,'اطفال',97,1,0,'2021-03-24 14:58:38'),(37,'شجعان',106,1,0,'2021-03-25 14:20:48'),(38,'Test',116,1,1,'2021-03-26 17:06:13'),(39,'تنت',97,1,0,'2021-03-29 13:38:58'),(40,'H',97,1,1,'2021-04-05 23:39:39'),(41,'Fffff',97,1,0,'2021-04-05 23:39:47'),(42,'Hhabaa',97,1,0,'2021-04-11 20:04:49'),(43,'Hhabaa',97,1,0,'2021-04-11 20:04:49'),(44,'HHh',97,1,0,'2021-04-11 20:04:59'),(45,'Auajaj',97,1,0,'2021-04-11 20:05:07'),(46,'Auajaj',97,1,0,'2021-04-11 20:05:07'),(47,'Auajaj',97,1,0,'2021-04-11 20:05:07'),(48,'Gh',97,1,0,'2021-04-11 20:05:15'),(49,'فصل الشجعان',97,1,0,'2021-04-11 20:05:36'),(50,'الابطال',155,1,0,'2021-04-17 23:53:49'),(51,'العلوم',161,1,0,'2021-04-19 20:53:12'),(52,'تجربة',162,1,1,'2021-04-19 21:14:02'),(53,'تجربة',158,1,2,'2021-04-20 18:53:50'),(54,'الأبطال',158,1,4,'2021-04-21 19:55:56'),(55,'الأبطال ',179,1,1,'2021-04-30 19:39:33'),(56,'الشجعان',179,1,0,'2021-04-30 23:31:48'),(57,'Test',179,1,0,'2021-04-30 23:48:59'),(58,'Cvb',92,1,0,'2021-05-01 01:26:36'),(59,'اات',92,1,0,'2021-05-01 01:28:08'),(60,'اات',92,1,0,'2021-05-01 01:28:13'),(61,'ااا',92,1,0,'2021-05-01 01:49:24'),(62,'اتو',92,1,0,'2021-05-02 01:03:20'),(63,'اتو',92,1,0,'2021-05-02 01:03:22'),(64,'ا',191,1,0,'2021-05-04 23:14:22'),(65,'فصل الابطال ',179,1,0,'2021-05-06 00:05:37'),(66,'العباقرة',194,1,4,'2021-05-06 01:08:25'),(67,'فصل الشجعان ',194,1,0,'2021-05-06 01:48:22'),(68,'فصل الورود ',194,1,0,'2021-05-06 02:41:54'),(69,'فصل الورود',194,1,0,'2021-05-06 10:28:02');
/*!40000 ALTER TABLE `classes` ENABLE KEYS */;
UNLOCK TABLES;

--
-- Table structure for table `media`
--

DROP TABLE IF EXISTS `media`;
/*!40101 SET @saved_cs_client     = @@character_set_client */;
/*!50503 SET character_set_client = utf8mb4 */;
CREATE TABLE `media` (
  `id` int NOT NULL AUTO_INCREMENT,
  `media_url` varchar(255) NOT NULL,
  `user_id` int NOT NULL,
  `project_id` int NOT NULL,
  `media_type` varchar(20) NOT NULL,
  `is_solution` tinyint(1) NOT NULL,
  `solution_id` int DEFAULT NULL,
  PRIMARY KEY (`id`)
) ENGINE=InnoDB AUTO_INCREMENT=506 DEFAULT CHARSET=utf8mb3;
/*!40101 SET character_set_client = @saved_cs_client */;

--
-- Dumping data for table `media`
--

LOCK TABLES `media` WRITE;
/*!40000 ALTER TABLE `media` DISABLE KEYS */;
INSERT INTO `media` VALUES (1,'/uploads/16134059115511612952714178FB069765-A252-4B79-8123-3D8A13F0BED5.mp4',1,1,'video',1,1),(2,'/uploads/1613405986968313FF898-6198-48BE-99A8-5BCED3B3E5F9.JPG',1,1,'image',1,1),(3,'/uploads/1613924116450IMG_0633.JPG',1,1,'image',0,NULL),(4,'/uploads/1613924412366IMG_0633.JPG',1,1,'image',0,NULL),(5,'/uploads/1613924517705IMG_0633.JPG',1,1,'image',0,NULL),(6,'/uploads/1614001304541IMG_0633.JPG',1,1,'image',0,NULL),(7,'/uploads/1614003146638sanad.png',1,1,'image',0,NULL),(8,'/uploads/1614004162627sanad.png',1,1,'image',0,NULL),(9,'/uploads/16140065773661614006576.816338.jpeg',1,1,'image',0,NULL),(10,'/uploads/16140068827961614006882.075376.jpeg',1,1,'image',0,NULL),(11,'/uploads/16140084184471614008417.700883.jpeg',1,1,'image',0,NULL),(12,'/uploads/16140088124841614008811.5221949.jpeg',1,1,'image',0,NULL),(13,'/uploads/16140091326441614009131.60857.jpeg',1,1,'image',0,NULL),(14,'/uploads/16140091847691614009184.150136.jpeg',1,1,'image',0,NULL),(15,'/uploads/16140093404361614009339.611906.jpeg',1,1,'image',0,NULL),(16,'/uploads/16140097418591614009741.156327.jpeg',1,1,'image',0,NULL),(17,'/uploads/16140123874421614012374.5126328.jpeg',1,1,'image',0,NULL),(18,'/uploads/1614012633172upload.mov',1,1,'video',0,NULL),(19,'/uploads/1614013012502upload.mov',1,1,'video',0,NULL),(20,'/uploads/16140132636431614013248.866469.jpeg',1,1,'image',0,NULL),(21,'/uploads/16140157210671614015710.706438.jpeg',1,1,'image',0,NULL),(22,'/uploads/16140258877561614025887.104648.jpeg',1,1,'image',0,NULL),(23,'/uploads/16140281071101614028106.515077.jpeg',1,1,'image',0,NULL),(24,'/uploads/1614030275169Screen Shot 2021-02-22 at 11.28.16 PM.png',1,2,'image',0,NULL),(25,'/uploads/16140306668461614030666.039552.jpeg',1,1,'image',0,NULL),(26,'/uploads/16140308472271614030846.524139.jpeg',1,1,'image',0,NULL),(27,'/uploads/16140309353411614030934.580663.jpeg',1,1,'image',0,NULL),(28,'/uploads/16140310428121614031041.9966521.jpeg',1,1,'image',0,NULL),(29,'/uploads/16140310664391614031065.663264.jpeg',1,1,'image',0,NULL),(30,'/uploads/16140312105821614031209.7236319.jpeg',1,1,'image',0,NULL),(31,'/uploads/16140313210811614031320.208791.jpeg',1,1,'image',0,NULL),(32,'/uploads/16140313337091614031333.064766.jpeg',1,1,'image',0,NULL),(33,'/uploads/16140313461151614031345.3080812.jpeg',1,1,'image',0,NULL),(34,'/uploads/16140313905391614031389.7230458.jpeg',1,1,'image',0,NULL),(35,'/uploads/16140313943121614031393.4797292.jpeg',1,1,'image',0,NULL),(36,'/uploads/16140315912151614031590.3772988.jpeg',1,1,'image',0,NULL),(37,'/uploads/16140315977501614031596.918569.jpeg',1,1,'image',0,NULL),(38,'/uploads/16140316165311614031615.437203.jpeg',1,1,'image',0,NULL),(39,'/uploads/16140316499371614031649.103039.jpeg',1,1,'image',0,NULL),(40,'/uploads/16140316795341614031678.656645.jpeg',1,1,'image',0,NULL),(41,'/uploads/16140319537771614031952.887947.jpeg',1,1,'image',0,NULL),(42,'/uploads/16140320299991614032029.138042.jpeg',1,1,'image',0,NULL),(43,'/uploads/16140321528271614032152.026325.jpeg',1,1,'image',0,NULL),(44,'/uploads/16140556637871614055662.6774158.jpeg',1,1,'image',0,NULL),(45,'/uploads/16140606352211614060625.989635.jpeg',82,1,'image',0,NULL),(46,'/uploads/1614060789546upload.mov',1,1,'video',0,NULL),(47,'/uploads/1614060857295upload.mov',1,1,'video',0,NULL),(48,'/uploads/16140609602691614060959.511704.jpeg',85,1,'image',0,NULL),(49,'/uploads/1614061113180upload.mov',87,1,'video',0,NULL),(50,'/uploads/16140618457131614061844.036999.jpeg',89,1,'image',0,NULL),(51,'/uploads/16140625900201614062588.520679.jpeg',90,1,'image',0,NULL),(52,'/uploads/16140626108141614062609.857635.jpeg',91,1,'image',0,NULL),(53,'/uploads/16140626593041614062658.3904881.jpeg',92,1,'image',0,NULL),(54,'/uploads/16140660550251614066043.979105.jpeg',93,1,'image',0,NULL),(55,'/uploads/16140661529161614066143.432936.jpeg',94,1,'image',0,NULL),(56,'/uploads/16140707270781614070726.358231.jpeg',95,1,'image',0,NULL),(57,'/uploads/1614073039333upload.mov',96,1,'video',0,NULL),(58,'/uploads/1614073127599upload.mov',97,1,'video',0,NULL),(59,'/uploads/1614073196402upload.mov',98,1,'video',0,NULL),(60,'/uploads/1614073252830upload.mov',99,1,'video',0,NULL),(61,'/uploads/1614076615809upload.mov',100,1,'video',0,NULL),(62,'/uploads/16140766863511614076685.8262892.jpeg',101,1,'image',0,NULL),(63,'/uploads/16140776444081614077642.216104.jpeg',1,104,'image',0,NULL),(64,'/uploads/1614081218973upload.mov',1,105,'video',0,NULL),(65,'/uploads/16141019089451614101908.2076778.jpeg',1,106,'image',0,NULL),(66,'/uploads/16141020274221614102026.708713.jpeg',1,107,'image',0,NULL),(67,'/uploads/16141023671561614102366.556046.jpeg',1,108,'image',0,NULL),(68,'/uploads/16141023829971614102382.3293738.jpeg',1,109,'image',0,NULL),(69,'/uploads/16141072482601614107240.993654.jpeg',1,110,'image',0,NULL),(70,'/uploads/16141074725111614107466.127311.jpeg',1,111,'image',0,NULL),(71,'/uploads/16141076108251614107606.150553.jpeg',1,112,'image',0,NULL),(72,'/uploads/16141670583791614167047.526857.jpeg',1,113,'image',0,NULL),(73,'/uploads/16141783621711614178351.7209082.jpeg',1,114,'image',0,NULL),(74,'/uploads/16141850193421614185016.904916.jpeg',1,0,'image',0,NULL),(75,'/uploads/16141851324511614185130.596356.jpeg',1,0,'image',0,NULL),(76,'/uploads/16141853108671614185302.697719.jpeg',1,0,'image',0,NULL),(77,'/uploads/16141854874341614185483.94823.jpeg',1,0,'image',0,NULL),(78,'/uploads/16141856124951614185610.730628.jpeg',1,0,'image',0,NULL),(79,'/uploads/16141857783611614185735.290049.jpeg',1,0,'image',0,NULL),(80,'/uploads/16141859928671614185985.54396.jpeg',1,0,'image',0,NULL),(81,'/uploads/16141862478121614186245.631548.jpeg',1,0,'image',0,NULL),(82,'/uploads/16141879389961614187937.401078.jpeg',1,129,'image',0,NULL),(83,'/uploads/16143475442251614347542.605939.jpeg',1,130,'image',0,NULL),(84,'/uploads/16143477964111614347793.911418.jpeg',1,131,'image',0,NULL),(85,'/uploads/16143479394331614347937.4139252.jpeg',1,132,'image',0,NULL),(86,'/uploads/16143657474551614365745.978378.jpeg',1,0,'image',0,NULL),(87,'/uploads/16143664737791614366470.5066571.jpeg',1,133,'image',0,NULL),(88,'/uploads/16144443585991614444356.925232.jpeg',1,134,'image',0,NULL),(89,'/uploads/1614454524916IMG_0633.JPG',1,130,'image',1,1),(90,'/uploads/1614455149610IMG_0633.JPG',3,130,'image',1,2),(91,'/uploads/1614455262243IMG_0633.JPG',3,130,'image',1,5),(92,'/uploads/1614455277574IMG_0633.JPG',3,130,'image',1,3),(93,'/uploads/1614456299444IMG_0633.JPG',3,130,'image',1,6),(94,'/uploads/1614456362343IMG_0633.JPG',8,130,'image',1,7),(95,'/uploads/16145351187081614535117.2297978.jpeg',1,135,'image',0,NULL),(96,'/uploads/16145360052641614536001.124398.jpeg',1,130,'image',1,NULL),(97,'/uploads/16145370763581614537072.394915.jpeg',1,137,'image',0,NULL),(98,'/uploads/16145370764581614537072.3637161.jpeg',1,136,'image',0,NULL),(99,'/uploads/16145376577841614537653.269065.jpeg',1,130,'image',1,12),(100,'/uploads/16145376995491614537695.550514.jpeg',1,130,'image',1,13),(101,'/uploads/16145388039101614538802.362324.jpeg',1,138,'image',0,NULL),(102,'/uploads/16145416720811614541667.842236.jpeg',1,130,'image',1,14),(103,'/uploads/16145417208281614541716.887027.jpeg',1,130,'image',1,15),(104,'/uploads/16145419904431614541986.7189732.jpeg',1,130,'image',1,16),(105,'/uploads/16146282003151614628195.208344.jpeg',1,132,'image',1,18),(106,'/uploads/16146284946311614628490.2756019.jpeg',1,130,'image',1,19),(107,'/uploads/16146285956181614628591.528394.jpeg',1,134,'image',1,20),(108,'/uploads/16146412499951614641244.855267.jpeg',1,139,'image',0,NULL),(109,'/uploads/16146415770291614641571.831594.jpeg',1,140,'image',0,NULL),(110,'/uploads/16146794200001614679417.816401.jpeg',1,141,'image',0,NULL),(111,'/uploads/16146796004291614679597.45357.jpeg',1,142,'image',0,NULL),(112,'/uploads/16146798372711614679835.525943.jpeg',1,143,'image',0,NULL),(113,'/uploads/16146802955691614680293.357322.jpeg',1,144,'image',0,NULL),(114,'/uploads/16146808070911614680805.0230641.jpeg',1,145,'image',0,NULL),(115,'/uploads/16146809681831614680965.358208.jpeg',1,146,'image',0,NULL),(116,'/uploads/16146809693611614680965.701983.jpeg',1,147,'image',0,NULL),(117,'/uploads/16146812043661614681202.16992.jpeg',1,148,'image',0,NULL),(118,'/uploads/16146845049061614684504.016961.jpeg',1,0,'image',0,NULL),(119,'/uploads/16146846205671614684619.53056.jpeg',1,0,'image',0,NULL),(120,'/uploads/16146852287051614685221.417387.jpeg',1,149,'image',0,NULL),(121,'/uploads/16146880309761614688023.5774221.jpeg',1,150,'image',0,NULL),(122,'/uploads/16146880968551614688073.396165.jpeg',1,151,'image',0,NULL),(123,'/uploads/16146881052391614688074.014343.jpeg',1,152,'image',0,NULL),(124,'/uploads/16146881091101614688074.3579412.jpeg',1,153,'image',0,NULL),(125,'/uploads/16146883026121614688297.2748961.jpeg',1,154,'image',0,NULL),(126,'/uploads/16146883604221614688352.5665622.jpeg',1,155,'image',0,NULL),(127,'/uploads/16146884224351614688417.1801891.jpeg',1,156,'image',0,NULL),(128,'/uploads/16146884710171614688465.104113.jpeg',1,157,'image',0,NULL),(129,'/uploads/16146891614291614689158.465339.jpeg',1,158,'image',0,NULL),(130,'/uploads/16146892083451614689202.797.jpeg',1,159,'image',0,NULL),(131,'/uploads/16146892125561614689203.207862.jpeg',1,160,'image',0,NULL),(132,'/uploads/16146902929061614690289.361628.jpeg',1,161,'image',0,NULL),(133,'/uploads/16146912098731614691204.511097.jpeg',1,161,'image',1,21),(134,'/uploads/16146914166221614691412.1639109.jpeg',1,161,'image',1,22),(135,'/uploads/16146974960551614697481.539799.jpeg',1,162,'image',0,NULL),(136,'/uploads/16147590065751614759004.82457.jpeg',1,163,'image',0,NULL),(137,'/uploads/16147590069881614759005.178821.jpeg',1,164,'image',0,NULL),(138,'/uploads/16147614692061614761467.247971.jpeg',1,164,'image',1,23),(139,'/uploads/16147655588651614765556.2779598.jpeg',1,165,'image',0,NULL),(140,'/uploads/16147656017451614765598.568773.jpeg',1,166,'image',0,NULL),(141,'/uploads/16147664136151614766392.172435.jpeg',1,167,'image',0,NULL),(142,'/uploads/16147664782921614766460.359181.jpeg',1,168,'image',0,NULL),(143,'/uploads/16147665193701614766514.729846.jpeg',1,169,'image',0,NULL),(144,'/uploads/16147665963721614766590.608213.jpeg',1,170,'image',0,NULL),(145,'/uploads/16147666478491614766643.456452.jpeg',1,171,'image',0,NULL),(146,'/uploads/16147667089591614766703.452147.jpeg',1,172,'image',0,NULL),(147,'/uploads/16147667591361614766756.393265.jpeg',1,173,'image',0,NULL),(148,'/uploads/16147669883661614766958.19963.jpeg',1,174,'image',0,NULL),(149,'/uploads/16147675185241614767446.981322.jpeg',1,175,'image',0,NULL),(150,'/uploads/16147677137991614767689.873807.jpeg',1,176,'image',0,NULL),(151,'/uploads/16147682805531614768274.3854551.jpeg',1,177,'image',0,NULL),(152,'/uploads/16147695446411614769535.6792989.jpeg',1,178,'image',0,NULL),(153,'/uploads/16147696223941614769619.441639.jpeg',1,179,'image',0,NULL),(154,'/uploads/16147700135051614770007.959282.jpeg',1,180,'image',0,NULL),(155,'/uploads/16147702341841614770191.5430741.jpeg',1,181,'image',0,NULL),(156,'/uploads/16147702911751614770230.565242.jpeg',1,182,'image',0,NULL),(157,'/uploads/16147704054161614770355.418479.jpeg',1,184,'image',0,NULL),(158,'/uploads/16147704875531614770478.969604.jpeg',1,185,'image',0,NULL),(159,'/uploads/16147715890241614771585.600709.jpeg',1,185,'image',1,25),(160,'/uploads/16147823397991614782329.510664.jpeg',1,184,'image',1,0),(161,'/uploads/16147823464981614782341.417842.jpeg',1,184,'image',1,0),(162,'/uploads/16147823519041614782341.430589.jpeg',1,184,'image',1,0),(163,'/uploads/16147823792281614782371.1470861.jpeg',1,184,'image',1,26),(164,'/uploads/16147824141841614782400.431707.jpeg',1,184,'image',1,27),(165,'/uploads/16147825424491614782540.6175761.jpeg',1,184,'image',1,28),(166,'/uploads/1614782613264upload.mov',1,184,'video',1,29),(167,'/uploads/16147908879981614790881.646841.jpeg',1,184,'image',1,30),(168,'/uploads/16147913671471614791363.945303.jpeg',1,184,'image',1,31),(169,'/uploads/16147914414711614791440.3393521.jpeg',1,184,'image',1,32),(170,'/uploads/16147914956651614791494.7153091.jpeg',1,184,'image',1,33),(171,'/uploads/16147916606991614791659.7615728.jpeg',1,184,'image',1,34),(172,'/uploads/16147916861201614791678.004772.jpeg',1,184,'image',1,35),(173,'/uploads/16147917406831614791739.756047.jpeg',1,184,'image',1,36),(174,'/uploads/16147918021271614791801.017789.jpeg',1,184,'image',1,37),(175,'/uploads/16147918478181614791846.4530768.jpeg',1,184,'image',1,38),(176,'/uploads/16147920077161614792006.90978.jpeg',1,184,'image',1,39),(177,'/uploads/16147920781891614792075.720793.jpeg',1,185,'image',1,41),(178,'/uploads/16147921011661614792098.461187.jpeg',1,185,'image',1,42),(179,'/uploads/16147922008161614792199.941554.jpeg',1,184,'image',1,43),(180,'/uploads/16147929150521614792913.943664.jpeg',1,184,'image',1,44),(181,'/uploads/16147982957811614798294.852994.jpeg',1,185,'image',1,45),(182,'/uploads/16147983362611614798335.311429.jpeg',1,185,'image',1,46),(183,'/uploads/16147983534341614798352.478378.jpeg',1,185,'image',1,47),(184,'/uploads/16147984629101614798461.9237108.jpeg',1,185,'image',1,48),(185,'/uploads/16147985714021614798569.4861832.jpeg',1,185,'image',1,49),(186,'/uploads/16147987025731614798700.879057.jpeg',1,185,'image',1,50),(187,'/uploads/16147988526581614798851.712199.jpeg',1,185,'image',1,51),(188,'/uploads/16147989462201614798944.5823321.jpeg',1,185,'image',1,52),(189,'/uploads/16147990717391614799070.072407.jpeg',1,185,'image',1,53),(190,'/uploads/16147998827721614799880.98601.jpeg',1,185,'image',1,54),(191,'/uploads/16147998964781614799895.596593.jpeg',1,185,'image',1,55),(192,'/uploads/16148039398821614803938.236794.jpeg',1,186,'image',0,NULL),(193,'/uploads/16148045809061614804560.6595469.jpeg',1,187,'image',0,NULL),(194,'/uploads/16148048560071614804845.3721151.jpeg',1,188,'image',0,NULL),(195,'/uploads/16148051965191614805194.8889.jpeg',1,189,'image',0,NULL),(196,'/uploads/16148052221601614805220.4535708.jpeg',1,190,'image',0,NULL),(197,'/uploads/16148085157371614808514.010663.jpeg',1,191,'image',0,NULL),(198,'/uploads/16148085447251614808544.0940309.jpeg',1,188,'image',1,56),(199,'/uploads/16148086190811614808616.760602.jpeg',1,188,'image',1,57),(200,'/uploads/16148087932251614808792.5234609.jpeg',1,188,'image',1,59),(201,'/uploads/16148088765651614808875.667482.jpeg',1,188,'image',1,60),(202,'/uploads/16148093961191614809393.3086638.jpeg',1,188,'image',1,61),(203,'/uploads/16148094953571614809493.919996.jpeg',1,188,'image',1,62),(204,'/uploads/16148096161231614809615.5143929.jpeg',1,188,'image',1,63),(205,'/uploads/16148101989991614810198.4847379.jpeg',1,191,'image',1,65),(206,'/uploads/16148104294381614810428.98842.jpeg',1,188,'image',1,66),(207,'/uploads/16148105086501614810507.526972.jpeg',1,188,'image',1,67),(208,'/uploads/16148105625191614810561.181318.jpeg',1,188,'image',1,68),(209,'/uploads/16148106015141614810600.509159.jpeg',1,188,'image',1,69),(210,'/uploads/16148107135571614810712.248754.jpeg',1,188,'image',1,70),(211,'/uploads/16148108471781614810846.579914.jpeg',1,188,'image',1,71),(212,'/uploads/16148109133441614810912.439148.jpeg',1,188,'image',1,72),(213,'/uploads/16148109301221614810929.5205069.jpeg',1,188,'image',1,73),(214,'/uploads/16148110315071614811030.897904.jpeg',1,188,'image',1,74),(215,'/uploads/16148111001341614811099.340581.jpeg',1,188,'image',1,75),(216,'/uploads/1614811442933upload.mov',1,188,'video',1,76),(217,'/uploads/1614811567616upload.mov',1,188,'video',1,77),(218,'/uploads/1614811707529upload.mov',1,188,'video',1,78),(219,'/uploads/16148117515741614811750.750341.jpeg',1,188,'image',1,79),(220,'/uploads/16148118027241614811801.645372.jpeg',1,188,'image',1,80),(221,'/uploads/1614813880313upload.mov',1,0,'video',0,NULL),(222,'/uploads/1614814029743upload.mov',1,0,'video',0,NULL),(223,'/uploads/1614814106956upload.mov',1,192,'video',0,NULL),(224,'/uploads/1614815035472upload.mov',1,193,'video',0,NULL),(225,'/uploads/16148158364711614815835.84393.jpeg',1,192,'image',1,81),(226,'/uploads/16148162252381614816222.601922.jpeg',1,192,'image',1,82),(227,'/uploads/16148162580591614816256.910493.jpeg',1,192,'image',1,83),(228,'/uploads/16148428856531614842884.2179399.jpeg',1,194,'image',0,NULL),(229,'/uploads/16148435770491614843575.5461879.jpeg',1,195,'image',0,NULL),(230,'/uploads/16148456222311614845621.65346.jpeg',1,192,'image',1,84),(231,'/uploads/16148460780371614846077.292696.jpeg',1,192,'image',1,85),(232,'/uploads/16148527456091614852744.790828.jpeg',1,196,'image',0,NULL),(233,'/uploads/16148529200031614852919.433285.jpeg',1,192,'image',1,86),(234,'/uploads/16152908889681615290886.05191.jpeg',1,196,'image',1,87),(235,'/uploads/16153784745711615378463.4066548.jpeg',1,194,'image',1,89),(236,'/uploads/1615719034324Screen Shot 2021-03-14 at 10.59.10 AM.png',81,192,'image',90,NULL),(237,'/uploads/1615719038263Screen Shot 2021-03-14 at 10.59.10 AM.png',81,192,'image',90,NULL),(238,'/uploads/1615719040682Screen Shot 2021-03-14 at 10.59.10 AM.png',81,192,'image',90,NULL),(239,'/uploads/16157190650501615719053.5067449.jpeg',1,196,'image',1,91),(240,'/uploads/16157192785021615719226.28689.jpeg',81,192,'image',1,92),(241,'/uploads/16162648968521616264886.382927.jpeg',81,192,'image',1,99),(242,'/uploads/16162650223451616265006.908407.jpeg',81,192,'image',1,100),(243,'/uploads/16165228154991616522791.994073.jpeg',81,192,'image',1,101),(244,'/uploads/16165248226201616524814.194738.jpeg',81,192,'image',1,103),(245,'/uploads/16165249601501616524938.982153.jpeg',81,193,'image',1,104),(246,'/uploads/16165749055721616574904.4714031.jpeg',81,193,'image',1,105),(247,'/uploads/16165821569301616582155.502286.jpeg',81,193,'image',1,106),(248,'/uploads/16165829585411616582957.080755.jpeg',81,193,'image',1,107),(249,'/uploads/16165829730121616582971.554088.jpeg',81,193,'image',1,108),(250,'/uploads/16165833916671616583388.3622708.jpeg',81,193,'image',1,109),(251,'/uploads/16165834073131616583405.854094.jpeg',81,193,'image',1,110),(252,'/uploads/1616588282585upload.mov',81,193,'video',1,111),(253,'/uploads/1616589383250upload.mov',81,193,'video',1,113),(254,'/uploads/16166665895751616666587.353214.jpeg',1,197,'image',0,NULL),(255,'/uploads/16166666401171616666638.2597752.jpeg',81,193,'image',1,114),(256,'/uploads/16166667521181616666747.006702.jpeg',81,193,'image',1,115),(257,'/uploads/16166694595401616669457.9475431.jpeg',81,197,'image',1,116),(258,'/uploads/16166695595701616669558.2730808.jpeg',81,197,'image',1,117),(259,'/uploads/16166703854971616670372.0553188.jpeg',81,197,'image',1,121),(260,'/uploads/16166704971121616670492.670474.jpeg',81,197,'image',1,122),(261,'/uploads/16166725158461616672510.180913.jpeg',81,197,'image',1,124),(262,'/uploads/16166725319831616672530.109668.jpeg',81,197,'image',1,125),(263,'/uploads/16166728277331616672827.400336.jpeg',81,197,'image',1,126),(264,'/uploads/16166728536231616672848.370364.jpeg',81,197,'image',1,127),(265,'/uploads/16166730381121616673036.627953.jpeg',81,197,'image',1,128),(266,'/uploads/16166749807041616674970.768872.jpeg',81,197,'image',1,129),(267,'/uploads/1616691078264upload.mov',81,197,'video',1,130),(268,'/uploads/16167780411951616778016.74502.jpeg',1,198,'image',0,NULL),(269,'/uploads/16167780998091616778086.558228.jpeg',1,199,'image',0,NULL),(270,'/uploads/16167788637131616778828.4411879.jpeg',115,199,'image',1,131),(271,'/uploads/16167789769511616778950.818295.jpeg',115,198,'image',1,132),(272,'/uploads/16167789947851616778986.211111.jpeg',115,198,'image',1,133),(273,'/uploads/16167794054461616779397.022754.jpeg',115,198,'image',1,134),(274,'/uploads/16168748246561616874823.347612.jpeg',101,199,'image',1,135),(275,'/uploads/16168748539501616874852.603786.jpeg',101,198,'image',1,136),(276,'/uploads/16168778837631616877882.942632.jpeg',101,199,'image',1,138),(277,'/uploads/16168818305161616881829.290544.jpeg',101,199,'image',1,139),(278,'/uploads/16169375180171616937517.240789.jpeg',101,198,'image',1,142),(279,'/uploads/16169396138131616939612.4811301.jpeg',101,198,'image',1,143),(280,'/uploads/16169396220271616939620.708761.jpeg',101,198,'image',1,144),(281,'/uploads/16169396902231616939689.6403651.jpeg',101,198,'image',1,145),(282,'/uploads/16169452595121616945258.714439.jpeg',101,198,'image',1,146),(283,'/uploads/16170145857181617014582.911179.jpeg',91,198,'image',1,147),(284,'/uploads/16170147070651617014700.518919.jpeg',91,198,'image',1,148),(285,'/uploads/16170173226491617017322.055697.jpeg',101,198,'image',1,149),(286,'/uploads/16170173899011617017389.3051171.jpeg',101,199,'image',1,150),(287,'/uploads/16170174018791617017401.4563742.jpeg',101,198,'image',1,151),(288,'/uploads/16170175451441617017544.538992.jpeg',101,198,'image',1,152),(289,'/uploads/16170177718241617017771.209931.jpeg',101,198,'image',1,153),(290,'/uploads/16170178741601617017873.567782.jpeg',101,198,'image',1,154),(291,'/uploads/16170179446571617017943.90312.jpeg',101,198,'image',1,155),(292,'/uploads/16170180048761617018004.420133.jpeg',101,198,'image',1,156),(293,'/uploads/16170180627301617018062.270503.jpeg',101,198,'image',1,157),(294,'/uploads/16170181452631617018144.618548.jpeg',101,198,'image',1,159),(295,'/uploads/16170182307351617018229.6017718.jpeg',101,198,'image',1,160),(296,'/uploads/16170182839061617018282.991837.jpeg',101,198,'image',1,161),(297,'/uploads/16170183459141617018345.287566.jpeg',101,198,'image',1,162),(298,'/uploads/16170187331021617018732.4965448.jpeg',101,199,'image',1,163),(299,'/uploads/16170188294041617018828.778813.jpeg',101,198,'image',1,164),(300,'/uploads/16170404445181617040443.1213698.jpeg',101,199,'image',1,165),(301,'/uploads/16170413147031617041314.091404.jpeg',101,198,'image',1,166),(302,'/uploads/16170416837321617041682.94306.jpeg',101,199,'image',1,167),(303,'/uploads/16171123834041617112379.92346.jpeg',101,198,'image',1,168),(304,'/uploads/16171138797371617113875.483094.jpeg',101,198,'image',1,169),(305,'/uploads/16171149154341617114910.253306.jpeg',101,198,'image',1,170),(306,'/uploads/16171169083071617116902.645319.jpeg',122,198,'image',1,171),(307,'/uploads/16171172414551617117237.5100179.jpeg',122,199,'image',1,172),(308,'/uploads/16171188832121617118855.048142.jpeg',122,199,'image',1,173),(309,'/uploads/16171199097961617119880.8067589.jpeg',123,199,'image',1,174),(310,'/uploads/16171204493861617120416.665135.jpeg',123,199,'image',1,175),(311,'/uploads/16171208281851617120800.719291.jpeg',123,198,'image',1,176),(312,'/uploads/16171640926771617164091.804425.jpeg',91,198,'image',1,177),(313,'/uploads/16171642674691617164257.3511539.jpeg',91,198,'image',1,178),(314,'/uploads/16171643366141617164325.3133612.jpeg',91,198,'image',1,179),(315,'/uploads/16171964422211617196440.99537.jpeg',123,199,'image',1,180),(316,'/uploads/16171964483671617196447.152669.jpeg',123,199,'image',1,181),(317,'/uploads/16171965371221617196536.4854732.jpeg',123,199,'image',1,182),(318,'/uploads/16171965503671617196549.389.jpeg',123,199,'image',1,183),(319,'/uploads/16171966803891617196679.324469.jpeg',125,199,'image',1,184),(320,'/uploads/16171966909941617196690.3519769.jpeg',125,199,'image',1,185),(321,'/uploads/16171966988871617196697.773326.jpeg',125,199,'image',1,186),(322,'/uploads/16173658746951617365873.1962771.jpeg',123,198,'image',1,187),(323,'/uploads/16173667350351617366733.781414.jpeg',123,199,'image',1,188),(324,'/uploads/16173667664181617366765.094836.jpeg',123,199,'image',1,189),(325,'/uploads/16173667916771617366789.743957.jpeg',123,199,'image',1,190),(326,'/uploads/16173668870921617366885.929126.jpeg',126,198,'image',1,191),(327,'/uploads/16173669269261617366925.766399.jpeg',126,198,'image',1,192),(328,'/uploads/16173669368301617366935.615576.jpeg',126,198,'image',1,193),(329,'/uploads/16173863856231617386383.602306.jpeg',101,198,'image',1,194),(330,'/uploads/16173869357341617386933.7998362.jpeg',1,200,'image',0,NULL),(331,'/uploads/16174247972651617424796.0743399.jpeg',91,200,'image',1,195),(332,'/uploads/1617425203446upload.mov',101,200,'video',1,196),(333,'/uploads/16174468844691617446883.6730871.jpeg',127,199,'image',1,197),(334,'/uploads/16174468995311617446898.925424.jpeg',127,199,'image',1,198),(335,'/uploads/16174566041191617456602.886888.jpeg',127,200,'image',1,199),(336,'/uploads/16174566460591617456644.976326.jpeg',127,198,'image',1,200),(337,'/uploads/16174566668911617456665.8404598.jpeg',127,200,'image',1,201),(338,'/uploads/16174612991561617461295.738583.jpeg',127,199,'image',1,202),(339,'/uploads/16174628365781617462834.275463.jpeg',128,198,'image',1,203),(340,'/uploads/16174628445441617462841.552993.jpeg',128,198,'image',1,204),(341,'/uploads/16174629372321617462934.280961.jpeg',128,198,'image',1,207),(342,'/uploads/16174651799181617465178.30566.jpeg',127,199,'image',1,208),(343,'/uploads/16174651866391617465185.087407.jpeg',127,199,'image',1,209),(344,'/uploads/16174652000541617465198.591124.jpeg',127,199,'image',1,210),(345,'/uploads/16174847096211617484708.4492478.jpeg',127,199,'image',1,211),(346,'/uploads/16174848330171617484831.6961.jpeg',127,199,'image',1,212),(347,'/uploads/16174848402701617484839.041871.jpeg',127,199,'image',1,213),(348,'/uploads/16175403313341617540330.526375.jpeg',127,198,'image',1,214),(349,'/uploads/16175583253931617558323.993592.jpeg',127,199,'image',1,215),(350,'/uploads/16175596774451617559674.868911.jpeg',1,201,'image',0,NULL),(351,'/uploads/16175608280891617560827.4821448.jpeg',127,201,'image',1,216),(352,'/uploads/16175609428361617560941.172608.jpeg',129,201,'image',1,217),(353,'/uploads/16175609496941617560948.371263.jpeg',129,201,'image',1,218),(354,'/uploads/16175609559491617560954.618215.jpeg',129,201,'image',1,219),(355,'/uploads/16175678711551617567870.5558128.jpeg',127,201,'image',1,220),(356,'/uploads/16175682454431617568244.8351889.jpeg',127,201,'image',1,221),(357,'/uploads/16175682519501617568250.459243.jpeg',127,201,'image',1,222),(358,'/uploads/16176430210991617643020.4849591.jpeg',128,200,'image',1,240),(359,'/uploads/16176430845851617643083.9541168.jpeg',130,200,'image',1,241),(360,'/uploads/16176523378381617652337.193217.jpeg',133,200,'image',1,242),(361,'/uploads/16176523445091617652343.844373.jpeg',133,200,'image',1,243),(362,'/uploads/16176523499051617652349.270499.jpeg',133,200,'image',1,244),(363,'/uploads/16176526663211617652665.694423.jpeg',134,201,'image',1,254),(364,'/uploads/16176528170341617652816.391693.jpeg',134,201,'image',1,261),(365,'/uploads/16176528290091617652828.404916.jpeg',134,201,'image',1,262),(366,'/uploads/16176531135051617653112.89576.jpeg',134,201,'image',1,265),(367,'/uploads/16176531230941617653122.442661.jpeg',134,201,'image',1,266),(368,'/uploads/16176531278221617653127.517713.jpeg',134,201,'image',1,267),(369,'/uploads/16176531661341617653165.508713.jpeg',134,201,'image',1,268),(370,'/uploads/16176532252221617653223.982729.jpeg',134,201,'image',1,269),(371,'/uploads/16176532317481617653229.84004.jpeg',134,201,'image',1,270),(372,'/uploads/16176532615101617653260.229319.jpeg',134,201,'image',1,271),(373,'/uploads/16176536382351617653636.784461.jpeg',134,199,'image',1,272),(374,'/uploads/16176536463311617653644.9269772.jpeg',134,199,'image',1,273),(375,'/uploads/16176536530711617653651.7828422.jpeg',134,199,'image',1,274),(376,'/uploads/16176536680571617653666.764307.jpeg',134,199,'image',1,275),(377,'/uploads/16176536761901617653674.6508899.jpeg',134,199,'image',1,276),(378,'/uploads/16176536821121617653680.794282.jpeg',134,199,'image',1,277),(379,'/uploads/16176657516471617665750.0127568.jpeg',134,201,'image',1,278),(380,'/uploads/16176657709081617665769.0553842.jpeg',134,201,'image',1,279),(381,'/uploads/16176657958161617665794.2456331.jpeg',134,201,'image',1,280),(382,'/uploads/16177178459681617717845.156791.jpeg',136,201,'image',1,281),(383,'/uploads/16177197410861617719740.24541.jpeg',136,201,'image',1,282),(384,'/uploads/16177205510731617720549.651021.jpeg',136,201,'image',1,283),(385,'/uploads/16177205613301617720559.860935.jpeg',136,201,'image',1,284),(386,'/uploads/16177205695621617720566.309761.jpeg',136,201,'image',1,285),(387,'/uploads/16177205772781617720576.125648.jpeg',136,201,'image',1,286),(388,'/uploads/16179780679611617978067.321961.jpeg',133,201,'image',1,287),(389,'/uploads/16179781109171617978110.2533932.jpeg',133,198,'image',1,288),(390,'/uploads/16179928546261617992853.858142.jpeg',137,201,'image',1,289),(391,'/uploads/16179928633271617992862.558897.jpeg',137,201,'image',1,290),(392,'/uploads/16179928840881617992883.3129292.jpeg',137,201,'image',1,291),(393,'/uploads/16179939650021617993964.23041.jpeg',137,201,'image',1,292),(394,'/uploads/16179940170531617994016.219758.jpeg',137,201,'image',1,294),(395,'/uploads/16179940687001617994067.883843.jpeg',137,201,'image',1,296),(396,'/uploads/16179941207091617994119.863577.jpeg',137,201,'image',1,298),(397,'/uploads/16179943525241617994351.7606502.jpeg',137,201,'image',1,299),(398,'/uploads/16181458328501618145830.257221.jpeg',133,201,'image',1,300),(399,'/uploads/16182310914261618231090.527081.jpeg',133,201,'image',1,301),(400,'/uploads/16182334494321618233448.582416.jpeg',133,201,'image',1,302),(401,'/uploads/16182337325131618233731.485584.jpeg',133,201,'image',1,303),(402,'/uploads/16182340560661618234054.1624641.jpeg',133,201,'image',1,305),(403,'/uploads/16182345064241618234504.368469.jpeg',133,201,'image',1,306),(404,'/uploads/16182345438481618234541.870391.jpeg',133,201,'image',1,307),(405,'/uploads/16182345685551618234566.596727.jpeg',133,201,'image',1,309),(406,'/uploads/16182345843391618234582.1383839.jpeg',133,201,'image',1,311),(407,'/uploads/16182346182011618234617.2166371.jpeg',133,201,'image',1,313),(408,'/uploads/16182350593371618235057.84194.jpeg',133,201,'image',1,314),(409,'/uploads/16182352117191618235206.617163.jpeg',133,201,'image',1,316),(410,'/uploads/16182352629551618235261.471012.jpeg',133,201,'image',1,317),(411,'/uploads/16182358077531618235806.923511.jpeg',133,201,'image',1,318),(412,'/uploads/16182358392671618235835.7254372.jpeg',133,201,'image',1,319),(413,'/uploads/16182363059121618236304.235695.jpeg',133,201,'image',1,320),(414,'/uploads/16182364406431618236439.152756.jpeg',133,201,'image',1,321),(415,'/uploads/16182366006031618236599.155463.jpeg',133,201,'image',1,322),(416,'/uploads/16182368160591618236815.498982.jpeg',133,201,'image',1,323),(417,'/uploads/16182368290211618236827.564659.jpeg',133,201,'image',1,324),(418,'/uploads/16182370591831618237057.150984.jpeg',133,201,'image',1,325),(419,'/uploads/16182457035411618245702.0334.jpeg',133,201,'image',1,326),(420,'/uploads/16182475116911618247510.3988929.jpeg',133,201,'image',1,327),(421,'/uploads/16182475215971618247519.98067.jpeg',133,201,'image',1,328),(422,'/uploads/16182500046101618250002.9923139.jpeg',133,201,'image',1,330),(423,'/uploads/16182500172831618250015.49261.jpeg',133,201,'image',1,331),(424,'/uploads/16182503191081618250317.530364.jpeg',133,201,'image',1,332),(425,'/uploads/16183206293501618320628.098404.jpeg',133,201,'image',1,333),(426,'/uploads/16183206412761618320640.0880408.jpeg',133,201,'image',1,334),(427,'/uploads/16183387724471618338770.877232.jpeg',133,199,'image',1,335),(428,'/uploads/16183387888611618338787.249798.jpeg',133,199,'image',1,336),(429,'/uploads/16183388409111618338839.538404.jpeg',133,199,'image',1,337),(430,'/uploads/16183403660201618340363.295559.jpeg',133,201,'image',1,338),(431,'/uploads/16183403759221618340375.064148.jpeg',133,201,'image',1,339),(432,'/uploads/16183421847221618342183.93522.jpeg',133,201,'image',1,340),(433,'/uploads/16183421977321618342196.425521.jpeg',133,201,'image',1,341),(434,'/uploads/16183477861311618347785.015872.jpeg',133,201,'image',1,342),(435,'/uploads/16183477978931618347796.2237659.jpeg',133,201,'image',1,343),(436,'/uploads/16183493495711618349348.215417.jpeg',143,199,'image',1,344),(437,'/uploads/16183650172731618365016.303434.jpeg',133,201,'image',1,345),(438,'/uploads/16184142159591618414214.6699162.jpeg',133,201,'image',1,346),(439,'/uploads/16184253965261618425395.220788.jpeg',133,201,'image',1,347),(440,'/uploads/1618589468369upload.mov',1,202,'video',0,NULL),(441,'/uploads/1618590378394upload.mov',1,203,'video',0,NULL),(442,'/uploads/1618591502463upload.mov',133,203,'video',1,348),(443,'/uploads/16185916857111618591685.1104999.jpeg',133,203,'image',1,349),(444,'/uploads/16185981045971618598103.259479.jpeg',144,203,'image',1,350),(445,'/uploads/16186036413791618603639.348781.jpeg',151,202,'image',1,351),(446,'/uploads/16186037951911618603794.420532.jpeg',151,202,'image',1,352),(447,'/uploads/16186781237711618678123.010148.jpeg',152,202,'image',1,353),(448,'/uploads/16187032315071618703230.341701.jpeg',154,202,'image',1,354),(449,'/uploads/16187737042441618773703.456479.jpeg',157,202,'image',1,355),(450,'/uploads/16187737311841618773729.876612.jpeg',157,202,'image',1,356),(451,'/uploads/16187737367081618773735.928409.jpeg',157,202,'image',1,357),(452,'/uploads/16188671047731618867103.410161.jpeg',157,203,'image',1,358),(453,'/uploads/16188740069101618874005.317826.jpeg',157,203,'image',1,359),(454,'/uploads/16188741164371618874115.44047.jpeg',157,203,'image',1,360),(455,'/uploads/1619026650552upload.mov',1,204,'video',0,NULL),(456,'/uploads/1619027206048upload.mov',1,206,'video',0,NULL),(457,'/uploads/1619027394501upload.mov',1,207,'video',0,NULL),(458,'/uploads/1619027534008upload.mov',1,208,'video',0,NULL),(459,'/uploads/1619027977649upload.mov',1,210,'video',0,NULL),(460,'/uploads/1619028224374upload.mov',1,211,'video',0,NULL),(461,'/uploads/1619028319747upload.mov',1,212,'video',0,NULL),(462,'/uploads/16190373126641619037311.1168718.jpeg',166,207,'image',1,361),(463,'/uploads/16190440648981619044064.440627.jpeg',1,213,'image',0,NULL),(464,'/uploads/16190618310831619061830.137689.jpeg',1,214,'image',0,NULL),(465,'/uploads/16192089213181619208918.724773.jpeg',171,207,'image',1,362),(466,'/uploads/16192213318891619221330.924461.jpeg',1,215,'image',0,NULL),(467,'/uploads/16198244394541619824438.2538009.jpeg',1,216,'image',0,NULL),(468,'/uploads/16198245765421619824575.771024.jpeg',1,217,'image',0,NULL),(469,'/uploads/16198250991521619825098.0175571.jpeg',171,207,'image',1,363),(470,'/uploads/16198976692061619897667.505838.jpeg',171,211,'image',1,364),(471,'/uploads/16199156033411619915602.635819.jpeg',171,211,'image',1,365),(472,'/uploads/16199161383021619916137.850615.jpeg',171,212,'image',1,367),(473,'/uploads/16199161556711619916155.243969.jpeg',171,212,'image',1,368),(474,'/uploads/16199162190251619916218.2666888.jpeg',171,211,'image',1,369),(475,'/uploads/16199162404831619916239.730416.jpeg',171,211,'image',1,370),(476,'/uploads/16199162649341619916263.286612.jpeg',171,212,'image',1,371),(477,'/uploads/1620085680020upload.mov',166,212,'video',1,372),(478,'/uploads/1620085805329upload.mov',166,212,'video',1,373),(479,'/uploads/16201563258831620156323.992618.jpeg',166,212,'image',1,374),(480,'/uploads/1620156552692upload.mov',166,212,'video',1,375),(481,'/uploads/1620156627692upload.mov',166,212,'video',1,376),(482,'/uploads/1620233683369upload.mov',166,212,'video',1,377),(483,'/uploads/1620239065043upload.mov',166,211,'video',1,378),(484,'/uploads/1620250512212upload.mov',166,212,'video',1,380),(485,'/uploads/1620251088186upload.mov',166,211,'video',1,381),(486,'/uploads/16202588006661620258799.601129.jpeg',166,212,'image',1,382),(487,'/uploads/16202603427631620260342.396933.jpeg',166,212,'image',1,383),(488,'/uploads/16202634380061620263437.393837.jpeg',166,212,'image',1,384),(489,'/uploads/16202635890371620263588.389728.jpeg',166,208,'image',1,385),(490,'/uploads/16202640890261620264088.4216928.jpeg',167,211,'image',1,386),(491,'/uploads/16202641411621620264140.365839.jpeg',168,212,'image',1,387),(492,'/uploads/16202641808651620264180.073348.jpeg',168,204,'image',1,388),(493,'/uploads/16202643479021620264347.292807.jpeg',196,202,'image',1,389),(494,'/uploads/16202646199411620264619.4959989.jpeg',196,208,'image',1,390),(495,'/uploads/16202662009421620266199.953414.jpeg',196,211,'image',1,391),(496,'/uploads/16202662798461620266279.4018679.jpeg',196,203,'image',1,392),(497,'/uploads/16202684411951620268440.50266.jpeg',196,212,'image',1,393),(498,'/uploads/16202887963851620288795.773252.jpeg',196,212,'image',1,394),(499,'/uploads/16202900624501620290055.098676.jpeg',196,211,'image',1,395),(500,'/uploads/16202901033061620290099.644875.jpeg',196,211,'image',1,396),(501,'/uploads/16202901631641620290160.496911.jpeg',196,203,'image',1,397),(502,'/uploads/16202903148991620290312.728714.jpeg',196,206,'image',1,398),(503,'/uploads/16202904441081620290443.684569.jpeg',196,204,'image',1,399),(504,'/uploads/16202929890091620292988.44179.jpeg',167,206,'image',1,400),(505,'/uploads/16202965937381620296592.899904.jpeg',196,212,'image',1,401);
/*!40000 ALTER TABLE `media` ENABLE KEYS */;
UNLOCK TABLES;

--
-- Table structure for table `parent_linked_child`
--

DROP TABLE IF EXISTS `parent_linked_child`;
/*!40101 SET @saved_cs_client     = @@character_set_client */;
/*!50503 SET character_set_client = utf8mb4 */;
CREATE TABLE `parent_linked_child` (
  `id` int NOT NULL AUTO_INCREMENT,
  `child_id` int NOT NULL,
  `parent_id` int NOT NULL,
  `approved` tinyint(1) NOT NULL DEFAULT '0',
  `created_at` timestamp NOT NULL DEFAULT CURRENT_TIMESTAMP,
  PRIMARY KEY (`id`)
) ENGINE=InnoDB AUTO_INCREMENT=184 DEFAULT CHARSET=utf8mb3;
/*!40101 SET character_set_client = @saved_cs_client */;

--
-- Dumping data for table `parent_linked_child`
--

LOCK TABLES `parent_linked_child` WRITE;
/*!40000 ALTER TABLE `parent_linked_child` DISABLE KEYS */;
INSERT INTO `parent_linked_child` VALUES (48,81,73,0,'2021-03-18 17:37:13'),(49,81,73,0,'2021-03-18 17:37:14'),(50,81,89,1,'2021-03-18 17:39:26'),(53,81,89,1,'2021-03-18 17:43:58'),(55,81,89,1,'2021-03-18 17:47:26'),(62,81,91,0,'2021-03-23 09:07:23'),(114,105,95,0,'2021-03-23 22:03:37'),(121,90,90,1,'2021-03-24 11:06:24'),(123,101,92,0,'2021-03-28 15:28:41'),(138,105,94,1,'2021-03-29 14:14:01'),(139,101,94,1,'2021-03-29 14:15:04'),(140,81,27,0,'2021-04-09 21:48:18'),(141,133,19,0,'2021-04-09 22:11:31'),(142,133,27,0,'2021-04-09 22:11:52'),(143,133,139,1,'2021-04-11 14:31:53'),(144,151,94,0,'2021-04-16 20:11:40'),(145,152,123,0,'2021-04-17 16:49:59'),(146,153,22,0,'2021-04-17 21:33:07'),(147,154,27,0,'2021-04-17 23:47:38'),(149,157,164,1,'2021-04-19 22:56:35'),(150,171,177,1,'2021-04-23 20:48:18'),(151,81,29,0,'2021-04-30 17:53:09'),(152,81,20,0,'2021-04-30 18:40:05'),(153,81,90,0,'2021-04-30 20:31:58'),(154,80,90,0,'2021-04-30 20:34:21'),(155,81,222,0,'2021-04-30 20:37:01'),(156,81,221,0,'2021-04-30 20:42:09'),(157,81,211,0,'2021-04-30 22:55:07'),(158,171,77,0,'2021-04-30 23:28:33'),(159,81,2112,0,'2021-05-01 00:22:20'),(160,81,21123,0,'2021-05-01 00:22:43'),(161,91,90,0,'2021-05-01 00:29:37'),(162,81,211112,0,'2021-05-01 01:32:36'),(168,81,21125,0,'2021-05-01 23:55:01'),(169,81,21129,0,'2021-05-02 00:10:44'),(170,81,2119,0,'2021-05-02 00:12:34'),(171,81,211251,0,'2021-05-04 21:02:03'),(172,7,211251,0,'2021-05-04 22:27:44'),(173,7,211200,0,'2021-05-04 22:31:01'),(175,171,192,1,'2021-05-05 19:36:03'),(177,166,158,1,'2021-05-05 23:55:21'),(179,81,2100,0,'2021-05-06 02:57:02'),(180,81,2101,0,'2021-05-06 03:44:27'),(181,167,195,1,'2021-05-06 08:28:58'),(182,81,21019,0,'2021-05-06 09:50:37'),(183,196,195,1,'2021-05-06 10:23:50');
/*!40000 ALTER TABLE `parent_linked_child` ENABLE KEYS */;
UNLOCK TABLES;

--
-- Table structure for table `projects`
--

DROP TABLE IF EXISTS `projects`;
/*!40101 SET @saved_cs_client     = @@character_set_client */;
/*!50503 SET character_set_client = utf8mb4 */;
CREATE TABLE `projects` (
  `id` int NOT NULL AUTO_INCREMENT,
  `title` varchar(80) COLLATE utf8mb4_unicode_ci NOT NULL,
  `level` int NOT NULL,
  `tags` varchar(6) COLLATE utf8mb4_unicode_ci NOT NULL,
  `description` mediumtext COLLATE utf8mb4_unicode_ci NOT NULL,
  `instructions` mediumtext COLLATE utf8mb4_unicode_ci NOT NULL,
  `source` varchar(100) COLLATE utf8mb4_unicode_ci NOT NULL,
  `created_at` timestamp NOT NULL DEFAULT CURRENT_TIMESTAMP,
  PRIMARY KEY (`id`)
) ENGINE=InnoDB AUTO_INCREMENT=218 DEFAULT CHARSET=utf8mb4 COLLATE=utf8mb4_unicode_ci;
/*!40101 SET character_set_client = @saved_cs_client */;

--
-- Dumping data for table `projects`
--

LOCK TABLES `projects` WRITE;
/*!40000 ALTER TABLE `projects` DISABLE KEYS */;
INSERT INTO `projects` VALUES (183,'Kkk',1,'3','Kkk','Kkk','Kkkk','2021-03-03 11:18:15'),(202,'الفرن الشمسي',2,'24','الفرن الشمسي وهو المعروف أكثر بالطباخ الشمسي، يعمل تحت مبدأ تحويل اشعة الشمس لطاقة حرارية والاحتفاظ بالحرارة لعملية الطبخ. ولإنجاح هذه العملية نقوم تغطية وتغليف أي صندوق متوفر بمواد عاكسة لجذب أقصى حد من اشعة الشمس. في هذه الحالة أنت تستخدم رقائق القصدير، وسطح الطبخ مكون من ورق مقوى اسود لأنه يحتفظ بالحرارة بشكل جيد وبما انه تم الاحتفاظ بالحرارة بالهواء داخل الفرن يسخن أيضا وهو ما يساعد على تسخين حلوى المارشميلو والبسكويت التي تذوب في فمك.','علبة بيتزا، صمغ، مسطرة، عود خشبي، ملف شفاف، مشرط، مقص، ورق مقوى، اسود قصدير، بسكوت  شوكولاته','مشكاة','2021-04-16 16:10:55'),(203,'اتجاه المجال المغناطيسي ',1,'4','في هذا النشاط بدلا من استخدام برادة الحديد لتخيل خطوط المجال المغناطيسي سنقوم باستخدام إبرة بوصلة لتتبع خطوط المجال المغناطيسي على امتداد قطعة من الورق. ففي الوقت الذي تتحرك فيه البوصلة حول مختلف أجزاء. في الواقع في بعض الأماكن على الورقة يتضح أن المجالين المغناطيسيين يقاوم أحدهما الآخر في القوة والاتجاه.','مغناطيس، شريط لاصق، بوصلة،  ورقة، قلم','مشكاة','2021-04-16 16:26:14'),(204,'الإحتباس الحراري',3,'4','غاز ثاني أكسيد الكربون الناتج عن عملية التنفس وعن عمليات الاحتراق من أهم المسببات في ظاهرة الاحتباس الحراري كيف يمكن للاحتباس الحراري التأثير على حياتنا؟','ماء، كأس، محلول البروموثيمول الأزرق، بيكربونات الصوديوم، صحن صغير، خل طعام، ملعقة، غطاء شفاف','مشكاة','2021-04-21 17:37:24'),(205,'توربين الرياح',2,'24','استغلّ الإنسان منذ القدم طاقة الرياح في العديد من المجالات، في دفع السفن الشراعية وطحن الحبوب عن طريق طواحين الهواء  عندما تمر الرياح على الشفرات تخلق دفعة هوائية تتسبب في دوران الشفرات، وهذا الدوران يشغل المولد فينتج طاقة كهربائية. ','كأس بلاستيك، كوب ورق، ضوء LED، محرك، ٢ عصا ايس كريم صغير و ٢ عصا ايسكريم كبير، صمغ مسدس','مشكاة','2021-04-21 17:40:22'),(206,'توربين الرياح',2,'24','استغلّ الإنسان منذ القدم طاقة الرياح في العديد من المجالات، في دفع السفن الشراعية وطحن الحبوب عن طريق طواحين الهواء. عندما تمر الرياح على الشفرات تخلق دفعة هوائية تتسبب في دوران الشفرات، وهذا الدوران يشغل المولد فينتج طاقة كهربائية.','كأس بلاستيك، كوب ورق، ضوء LED، محرك، ٢ عصا ايسكريم كبير، ٢ عصا ايسكريم كبير، صمغ مسدس','مشكاة','2021-04-21 17:46:32'),(207,'الحمل الحراري',1,'4','نتقل الطاقة الحراريّة بالاعتماد على ثلاث طرق رئيسيّة وهي: التوصيل، والحمل، والإشعاع. بالنسبة للحمل الحراري هي عملية تنقل الحرارة وتنقل الكتلة في وقت واحد.','حوض بلاستيكي، ورقتين شفافة، ألوان طعام،  زجاجات عصير فارغة، ورقتين شفافة','مشكاة','2021-04-21 17:49:37'),(208,'الخلية الشمسية البسيطة',3,'41','عند استخدام شريحة النحاس النظيف بالإضافة إلى شريحة أكسيد النحاس (شريحة تعرضت لدرجة حرارة عالية) أصبح ذلك لدينا شريحتين بشحنتين مختلفتين، فأكسيد النحاس مادة شبه موصلة، ويمثل الطرف السالب، أما النحاس النقي فيمثل الطرف الموجب. عند تسليط الضوء على صفيحة أكسيد النحاس تكتسب من الضوء بعضاً من الإلكترونات الطاقة الكافية لتصبح حرة. فتنتقل الإلكترونات الحرة إلى السلك، ثم إلى صفيحة النحاس النقي لتعود إلى صفيحة أكسيد النحاس عن طريق الماء المالح الموصل للكهرباء. نقوم بقياس الحهد الكهرباء عن طريق جهاز الفولتميتر، وبانعدام الضوء عندها سيتناقص الجهد الكهربائي في الجهاز.','نحاس مؤكسد، نحاس نقي، ماء، مصباح، كأس، أسلاك توصيل، كأس، فولتميتر، ملح','مشكاة','2021-04-21 17:52:07'),(209,'المولد اليدوي',2,'44','يعتبر المولد الكهربائي واحداُ من أهم الأجهزة الحديثة، فيقوم على مبدأ تحويل الطاقة الميكانيكية الحركية إلى طاقة كهربائية قادرة على تشغيل العديد من الآلات والأجهزة التي تعتمد في عملها وتشغيلها على التيار الكهربائي.','سلك نحاسي، شريط لاصق، مقص، مطاط، مصباح، غطاء علب، أقراص مغناطيس، ورق صنفرة','مشكاة','2021-04-21 17:56:03'),(211,'المولد اليدوي',2,'4','يعتبر المولد الكهربائي واحداُ من أهم الأجهزة الحديثة، فيقوم على مبدأ تحويل الطاقة الميكانيكية الحركية إلى طاقة كهربائية قادرة على تشغيل العديد من الآلات والأجهزة التي تعتمد في عملها وتشغيلها على التيار الكهربائي','سلك نحاسي، شريط لاصق، مقص، مطاط، مصباح، غطاء علب، أقراص مغناطيس، ورق صنفرة، ورقة شفافة','مشكاة','2021-04-21 18:03:27'),(212,'مسمار المغناطيس الكهربائي',2,'4','يعتبر المغناطيس جزء مهم من حياتنا اليومية، ولكن قصته لا تكتمل بدون كهرباء ولاستكشاف العلاقة بين المغناطيس والكهرباء سنجرب ذلك بواسطة بناء مغناطيس كهربائي بسيط بواسطة مسمار، وبطارية، ومشبك ورق، وأسلاك نحاس','مشبك ورق(معدن)، ورق صنفرة، بطارية جافة، مسمار طويل، سلك نحاسي','مشكاة','2021-04-21 18:05:11'),(215,'لعبة مكعب الروبيك',1,'2','لا يوجد لديك مكعب الروبيك؟ تحدى نفسك وحل مكعب الروبيك ','.','لعبة','2021-04-23 23:42:10');
/*!40000 ALTER TABLE `projects` ENABLE KEYS */;
UNLOCK TABLES;

--
-- Table structure for table `solutions`
--

DROP TABLE IF EXISTS `solutions`;
/*!40101 SET @saved_cs_client     = @@character_set_client */;
/*!50503 SET character_set_client = utf8mb4 */;
CREATE TABLE `solutions` (
  `id` int NOT NULL AUTO_INCREMENT,
  `user_id` int NOT NULL,
  `project_id` int NOT NULL,
  `comment` mediumtext COLLATE utf8mb4_unicode_ci,
  `is_reviewed` tinyint(1) NOT NULL DEFAULT '0',
  `class_id` int DEFAULT NULL,
  `feedback` mediumtext COLLATE utf8mb4_unicode_ci,
  `is_it_correct` tinyint(1) DEFAULT NULL,
  `created_at` timestamp NOT NULL DEFAULT CURRENT_TIMESTAMP,
  PRIMARY KEY (`id`)
) ENGINE=InnoDB AUTO_INCREMENT=402 DEFAULT CHARSET=utf8mb4 COLLATE=utf8mb4_unicode_ci;
/*!40101 SET character_set_client = @saved_cs_client */;

--
-- Dumping data for table `solutions`
--

LOCK TABLES `solutions` WRITE;
/*!40000 ALTER TABLE `solutions` DISABLE KEYS */;
INSERT INTO `solutions` VALUES (16,1,130,NULL,1,NULL,'wwww',1,'2021-02-28 19:53:09'),(17,1,135,NULL,0,NULL,NULL,NULL,'2021-03-01 19:40:31'),(18,1,132,NULL,0,NULL,NULL,NULL,'2021-03-01 19:49:57'),(19,1,130,NULL,0,NULL,NULL,NULL,'2021-03-01 19:54:52'),(20,1,134,NULL,0,NULL,NULL,NULL,'2021-03-01 19:56:33'),(21,1,161,NULL,0,NULL,NULL,NULL,'2021-03-02 13:20:04'),(22,1,161,NULL,0,NULL,NULL,NULL,'2021-03-02 13:23:32'),(23,1,164,NULL,0,NULL,NULL,NULL,'2021-03-03 08:51:07'),(24,1,184,'جربت تجربه اليوم',0,NULL,NULL,NULL,'2021-03-03 11:29:59'),(25,1,185,'نننننننننننننننننننننن',0,NULL,NULL,NULL,'2021-03-03 11:39:45'),(26,1,184,'ررر',0,NULL,NULL,NULL,'2021-03-03 14:39:31'),(27,1,184,NULL,0,NULL,NULL,NULL,'2021-03-03 14:40:00'),(28,1,184,NULL,0,NULL,NULL,NULL,'2021-03-03 14:42:20'),(29,1,184,NULL,0,NULL,NULL,NULL,'2021-03-03 14:43:31'),(30,1,184,NULL,0,NULL,NULL,NULL,'2021-03-03 17:01:21'),(31,1,184,NULL,0,NULL,NULL,NULL,'2021-03-03 17:09:23'),(32,1,184,NULL,0,NULL,NULL,NULL,'2021-03-03 17:10:40'),(33,1,184,NULL,0,NULL,NULL,NULL,'2021-03-03 17:11:34'),(34,1,184,'وسنسمس',0,NULL,NULL,NULL,'2021-03-03 17:14:19'),(35,1,184,NULL,0,NULL,NULL,NULL,'2021-03-03 17:14:37'),(36,1,184,NULL,0,NULL,NULL,NULL,'2021-03-03 17:15:39'),(37,1,184,NULL,0,NULL,NULL,NULL,'2021-03-03 17:16:40'),(38,1,184,NULL,0,NULL,NULL,NULL,'2021-03-03 17:17:26'),(39,1,184,NULL,0,NULL,NULL,NULL,'2021-03-03 17:20:06'),(40,1,184,NULL,0,NULL,NULL,NULL,'2021-03-03 17:20:09'),(41,1,185,NULL,0,NULL,NULL,NULL,'2021-03-03 17:21:15'),(42,1,185,NULL,0,NULL,NULL,NULL,'2021-03-03 17:21:38'),(43,1,184,NULL,0,NULL,NULL,NULL,'2021-03-03 17:23:19'),(44,1,184,NULL,0,NULL,NULL,NULL,'2021-03-03 17:35:13'),(45,1,185,NULL,0,NULL,NULL,NULL,'2021-03-03 19:04:54'),(46,1,185,NULL,0,NULL,NULL,NULL,'2021-03-03 19:05:35'),(47,1,185,NULL,0,NULL,NULL,NULL,'2021-03-03 19:05:52'),(48,1,185,NULL,0,NULL,NULL,NULL,'2021-03-03 19:07:41'),(49,1,185,NULL,0,NULL,NULL,NULL,'2021-03-03 19:09:29'),(50,1,185,NULL,0,NULL,NULL,NULL,'2021-03-03 19:11:40'),(51,1,185,NULL,0,NULL,NULL,NULL,'2021-03-03 19:14:11'),(52,1,185,NULL,0,NULL,NULL,NULL,'2021-03-03 19:15:44'),(53,1,185,NULL,0,NULL,NULL,NULL,'2021-03-03 19:17:49'),(54,1,185,NULL,0,NULL,NULL,NULL,'2021-03-03 19:31:20'),(55,1,185,NULL,0,NULL,NULL,NULL,'2021-03-03 19:31:35'),(56,1,188,NULL,0,NULL,NULL,NULL,'2021-03-03 21:55:43'),(57,1,188,NULL,0,NULL,NULL,NULL,'2021-03-03 21:56:56'),(58,1,188,NULL,0,NULL,NULL,NULL,'2021-03-03 21:58:37'),(59,1,188,NULL,0,NULL,NULL,NULL,'2021-03-03 21:59:52'),(60,1,188,NULL,0,NULL,NULL,NULL,'2021-03-03 22:01:15'),(61,1,188,NULL,0,NULL,NULL,NULL,'2021-03-03 22:09:53'),(62,1,188,NULL,0,NULL,NULL,NULL,'2021-03-03 22:11:33'),(63,1,188,NULL,0,NULL,NULL,NULL,'2021-03-03 22:13:35'),(64,1,188,NULL,0,NULL,NULL,NULL,'2021-03-03 22:14:14'),(65,1,191,'تت',0,NULL,NULL,NULL,'2021-03-03 22:23:18'),(66,1,188,'الاااللبيي',0,NULL,NULL,NULL,'2021-03-03 22:27:08'),(67,1,188,NULL,0,NULL,NULL,NULL,'2021-03-03 22:28:27'),(68,1,188,NULL,0,NULL,NULL,NULL,'2021-03-03 22:29:21'),(69,1,188,NULL,0,NULL,NULL,NULL,'2021-03-03 22:30:00'),(70,1,188,NULL,0,NULL,NULL,NULL,'2021-03-03 22:31:52'),(71,1,188,NULL,0,NULL,NULL,NULL,'2021-03-03 22:34:06'),(72,1,188,NULL,0,NULL,NULL,NULL,'2021-03-03 22:35:12'),(73,1,188,NULL,0,NULL,NULL,NULL,'2021-03-03 22:35:29'),(74,1,188,NULL,0,NULL,NULL,NULL,'2021-03-03 22:37:10'),(75,1,188,NULL,0,NULL,NULL,NULL,'2021-03-03 22:38:19'),(76,1,188,NULL,0,NULL,NULL,NULL,'2021-03-03 22:44:00'),(77,1,188,NULL,0,NULL,NULL,NULL,'2021-03-03 22:46:05'),(78,1,188,NULL,0,NULL,NULL,NULL,'2021-03-03 22:48:25'),(79,1,188,NULL,0,NULL,NULL,NULL,'2021-03-03 22:49:10'),(80,1,188,NULL,1,NULL,'sfjhsklfh',1,'2021-03-03 22:50:01'),(81,1,192,'تجربه ممتعه جدًا !! ',1,NULL,'rrr',1,'2021-03-03 23:57:15'),(82,1,192,NULL,0,NULL,NULL,NULL,'2021-03-04 00:03:42'),(83,1,192,'رائع ',0,NULL,NULL,NULL,'2021-03-04 00:04:16'),(84,1,192,'تجربة ممتعة!!! \n',0,NULL,NULL,NULL,'2021-03-04 08:13:41'),(85,1,192,'ممتعة جداااا!!!',0,NULL,NULL,NULL,'2021-03-04 08:21:17'),(86,1,192,'راائع !! ',0,NULL,NULL,NULL,'2021-03-04 10:15:19'),(87,1,196,'Cvvvcv\n',0,NULL,NULL,NULL,'2021-03-09 11:54:45'),(88,2,30,'333',0,1,NULL,NULL,'2021-03-09 12:09:15'),(89,1,194,'Mnbmb',0,NULL,NULL,NULL,'2021-03-10 12:14:23'),(90,81,192,'666666',0,6,NULL,NULL,'2021-03-14 10:43:59'),(91,1,196,'Fdfdf',0,NULL,NULL,NULL,'2021-03-14 10:50:53'),(92,81,192,'dddddd',0,6,NULL,NULL,'2021-03-14 10:53:45'),(93,81,193,'fs.,nf',0,6,NULL,NULL,'2021-03-15 11:14:25'),(94,81,194,'fs.,nf',1,6,'wwww',1,'2021-03-15 11:14:32'),(95,81,194,'fs.,nf',0,6,NULL,NULL,'2021-03-15 11:14:33'),(96,81,194,'fs.,nf',0,6,NULL,NULL,'2021-03-15 11:14:38'),(97,81,195,'fs.,nf',0,6,NULL,NULL,'2021-03-15 11:14:43'),(98,81,192,NULL,0,NULL,NULL,NULL,'2021-03-20 18:26:42'),(99,81,192,'dddddd',0,6,NULL,NULL,'2021-03-20 18:28:06'),(100,81,192,'dddddd',0,24,NULL,NULL,'2021-03-20 18:30:06'),(101,81,192,'dddddd',0,24,NULL,NULL,'2021-03-23 18:06:32'),(102,5,130,'👀ييييي',0,NULL,NULL,NULL,'2021-03-23 18:08:47'),(103,81,192,'dddddd',0,30,NULL,NULL,'2021-03-23 18:40:14'),(104,81,193,'dddddd',1,30,'Man,',1,'2021-03-23 18:42:19'),(105,81,193,'dddddd',1,30,'rrr',1,'2021-03-24 08:35:04'),(106,81,193,'dddddd',1,30,',mn',1,'2021-03-24 10:35:55'),(107,81,193,'dddddd',1,30,'Sff',1,'2021-03-24 10:49:17'),(108,81,193,'dddddd',1,30,'M,hmgnv',1,'2021-03-24 10:49:31'),(109,81,193,'dddddd',1,30,',mnbm',1,'2021-03-24 10:56:28'),(110,81,193,'dddddd',1,30,'Sfs',1,'2021-03-24 10:56:45'),(111,81,193,'dddddd',0,30,NULL,NULL,'2021-03-24 12:17:06'),(112,81,193,'dddddd',0,30,NULL,NULL,'2021-03-24 12:18:12'),(113,81,193,'dddddd',0,30,NULL,NULL,'2021-03-24 12:36:09'),(114,81,193,'dddddd',0,30,NULL,NULL,'2021-03-25 10:03:57'),(115,81,193,'dddddd',0,30,NULL,NULL,'2021-03-25 10:05:46'),(116,81,197,NULL,0,6,NULL,NULL,'2021-03-25 10:50:58'),(117,81,197,',hmg',0,6,NULL,NULL,'2021-03-25 10:52:38'),(118,90,197,'Sf',0,6,NULL,NULL,'2021-03-25 11:01:52'),(119,81,197,'وزلردزذ',0,6,NULL,NULL,'2021-03-25 11:03:52'),(120,81,197,'Fsf',0,6,NULL,NULL,'2021-03-25 11:05:06'),(121,81,197,'Sfsf',0,6,NULL,NULL,'2021-03-25 11:06:12'),(122,81,197,',mnmbn',0,6,NULL,NULL,'2021-03-25 11:08:12'),(123,81,197,'Df',0,6,NULL,NULL,'2021-03-25 11:09:00'),(124,81,197,'Khgjn',0,6,NULL,NULL,'2021-03-25 11:41:49'),(125,81,197,'N,Mac ',0,6,NULL,NULL,'2021-03-25 11:42:10'),(126,81,197,'لتلدد',0,6,NULL,NULL,'2021-03-25 11:47:07'),(127,81,197,'ارتادد',0,6,NULL,NULL,'2021-03-25 11:47:28'),(128,81,197,'Dvdf',0,6,NULL,NULL,'2021-03-25 11:50:36'),(129,81,197,'J,hm',0,NULL,NULL,NULL,'2021-03-25 12:22:50'),(130,81,197,'لتنتز',1,6,'wwww',1,'2021-03-25 16:51:07'),(131,115,199,'Dfbmfd',1,38,'Sffffff',1,'2021-03-26 17:13:48'),(132,115,198,'Dfj,hb',1,38,',hkefhkrhkerhkwrh',1,'2021-03-26 17:15:50'),(133,115,198,'Fljsfkfh',1,38,'none',1,'2021-03-26 17:16:26'),(134,115,198,'Dgdg',1,38,'Sfsffsf',0,'2021-03-26 17:23:17'),(135,101,199,'استمتعت جدًا !!!🙏\n',1,27,'none',1,'2021-03-27 19:53:43'),(136,101,198,'تسنسن',1,27,'none',1,'2021-03-27 19:54:12'),(137,101,199,'تت\n\n',0,NULL,NULL,NULL,'2021-03-27 20:44:27'),(138,101,199,'تت',0,NULL,NULL,NULL,'2021-03-27 20:44:42'),(139,101,199,'Hhh\n',0,NULL,NULL,NULL,'2021-03-27 21:50:29'),(140,5,130,'👀ييييي',0,NULL,NULL,NULL,'2021-03-28 10:20:06'),(141,5,130,'👀ييييي',0,NULL,NULL,NULL,'2021-03-28 10:21:25'),(142,101,198,'Hhh\n\n',0,NULL,NULL,NULL,'2021-03-28 13:18:37'),(143,101,198,NULL,0,NULL,NULL,NULL,'2021-03-28 13:53:32'),(144,101,198,NULL,1,27,'none',1,'2021-03-28 13:53:40'),(145,101,198,NULL,1,27,'سيس',1,'2021-03-28 13:54:49'),(146,101,198,NULL,1,27,',n,n',1,'2021-03-28 15:27:38'),(147,91,198,'Hhhhhho\n',0,24,NULL,NULL,'2021-03-29 10:43:02'),(148,91,198,'Fhjhxcvvvhbh\n',0,24,NULL,NULL,'2021-03-29 10:45:00'),(149,101,198,NULL,0,NULL,NULL,NULL,'2021-03-29 11:28:41'),(150,101,199,NULL,0,NULL,NULL,NULL,'2021-03-29 11:29:49'),(151,101,198,NULL,1,27,'Mnvb',1,'2021-03-29 11:30:01'),(152,101,198,NULL,0,NULL,NULL,NULL,'2021-03-29 11:32:24'),(153,101,198,NULL,1,27,'none',1,'2021-03-29 11:36:11'),(154,101,198,NULL,1,27,'none',1,'2021-03-29 11:37:53'),(155,101,198,NULL,1,27,'none',1,'2021-03-29 11:39:03'),(156,101,198,NULL,1,27,'none',1,'2021-03-29 11:40:04'),(157,101,198,NULL,0,NULL,NULL,NULL,'2021-03-29 11:41:02'),(158,101,198,NULL,0,27,NULL,NULL,'2021-03-29 11:42:13'),(159,101,198,NULL,1,27,'none',1,'2021-03-29 11:42:24'),(160,101,198,NULL,1,27,'none',1,'2021-03-29 11:43:49'),(161,101,198,NULL,1,27,'none',1,'2021-03-29 11:44:42'),(162,101,198,NULL,1,27,'none',1,'2021-03-29 11:45:45'),(163,101,199,NULL,1,27,'Bmnv',1,'2021-03-29 11:52:12'),(164,101,198,NULL,1,27,'none',1,'2021-03-29 11:53:48'),(165,101,199,NULL,0,NULL,NULL,NULL,'2021-03-29 17:54:03'),(166,101,198,NULL,0,NULL,NULL,NULL,'2021-03-29 18:08:33'),(167,101,199,NULL,0,NULL,NULL,NULL,'2021-03-29 18:14:42'),(168,101,198,'Nn\n',0,NULL,NULL,NULL,'2021-03-30 13:52:59'),(169,101,198,NULL,0,NULL,NULL,NULL,'2021-03-30 14:17:55'),(170,101,198,NULL,0,NULL,NULL,NULL,'2021-03-30 14:35:10'),(171,122,198,NULL,0,NULL,NULL,NULL,'2021-03-30 15:08:22'),(172,122,199,NULL,0,NULL,NULL,NULL,'2021-03-30 15:13:57'),(173,122,199,NULL,0,NULL,NULL,NULL,'2021-03-30 15:40:54'),(174,123,199,NULL,0,NULL,NULL,NULL,'2021-03-30 15:58:00'),(175,123,199,NULL,1,27,'none',0,'2021-03-30 16:06:56'),(176,123,198,NULL,0,NULL,NULL,NULL,'2021-03-30 16:13:20'),(177,91,198,'Fghbv\n',0,24,NULL,NULL,'2021-03-31 04:14:51'),(178,91,198,'Ghbv',0,24,NULL,NULL,'2021-03-31 04:17:29'),(179,91,198,'Cghj',0,24,NULL,NULL,'2021-03-31 04:18:45'),(180,123,199,NULL,0,NULL,NULL,NULL,'2021-03-31 13:14:00'),(181,123,199,NULL,0,NULL,NULL,NULL,'2021-03-31 13:14:06'),(182,123,199,NULL,0,NULL,NULL,NULL,'2021-03-31 13:15:36'),(183,123,199,NULL,0,NULL,NULL,NULL,'2021-03-31 13:15:49'),(184,125,199,NULL,0,NULL,NULL,NULL,'2021-03-31 13:17:59'),(185,125,199,NULL,0,NULL,NULL,NULL,'2021-03-31 13:18:10'),(186,125,199,NULL,0,NULL,NULL,NULL,'2021-03-31 13:18:17'),(187,123,198,NULL,1,27,'none',1,'2021-04-02 12:17:53'),(188,123,199,NULL,1,27,'none',1,'2021-04-02 12:32:13'),(189,123,199,NULL,1,27,'none',1,'2021-04-02 12:32:44'),(190,123,199,NULL,1,27,'none',1,'2021-04-02 12:33:09'),(191,126,198,NULL,0,NULL,NULL,NULL,'2021-04-02 12:34:45'),(192,126,198,NULL,0,NULL,NULL,NULL,'2021-04-02 12:35:25'),(193,126,198,NULL,0,NULL,NULL,NULL,'2021-04-02 12:35:35'),(194,101,198,',kk',0,NULL,NULL,NULL,'2021-04-02 17:59:43'),(195,91,200,'باتن\n',0,24,NULL,NULL,'2021-04-03 04:39:56'),(196,101,200,'باتت\n',0,6,NULL,NULL,'2021-04-03 04:45:51'),(197,127,199,NULL,0,NULL,NULL,NULL,'2021-04-03 10:48:03'),(198,127,199,NULL,1,27,'none',1,'2021-04-03 10:48:18'),(199,127,200,'لانو\n\n',1,27,'none',1,'2021-04-03 13:30:02'),(200,127,198,'ااتتن',1,27,'none',1,'2021-04-03 13:30:45'),(201,127,200,'اتمم',1,27,'none',1,'2021-04-03 13:31:05'),(202,127,199,NULL,1,27,'none',1,'2021-04-03 14:48:15'),(203,128,198,NULL,0,NULL,NULL,NULL,'2021-04-03 15:13:54'),(204,128,198,NULL,0,NULL,NULL,NULL,'2021-04-03 15:14:00'),(205,128,198,NULL,0,NULL,NULL,NULL,'2021-04-03 15:14:16'),(206,128,198,NULL,0,NULL,NULL,NULL,'2021-04-03 15:14:37'),(207,128,198,NULL,0,NULL,NULL,NULL,'2021-04-03 15:15:34'),(208,127,199,NULL,1,27,'none',1,'2021-04-03 15:52:58'),(209,127,199,NULL,1,27,'none',1,'2021-04-03 15:53:04'),(210,127,199,NULL,1,27,',nmhbnv',1,'2021-04-03 15:53:18'),(211,127,199,NULL,1,27,'none',1,'2021-04-03 21:18:28'),(212,127,199,NULL,1,27,'Try again',0,'2021-04-03 21:20:31'),(213,127,199,NULL,1,27,'none',1,'2021-04-03 21:20:38'),(214,127,198,NULL,0,NULL,NULL,NULL,'2021-04-04 12:45:30'),(215,127,199,NULL,0,NULL,NULL,NULL,'2021-04-04 17:45:23'),(216,127,201,NULL,0,NULL,NULL,NULL,'2021-04-04 18:27:07'),(217,129,201,NULL,0,NULL,NULL,NULL,'2021-04-04 18:29:01'),(218,129,201,NULL,0,NULL,NULL,NULL,'2021-04-04 18:29:08'),(219,129,201,NULL,0,NULL,NULL,NULL,'2021-04-04 18:29:14'),(220,127,201,NULL,1,27,'AmaIng',1,'2021-04-04 20:24:30'),(221,127,201,NULL,1,27,'none',0,'2021-04-04 20:30:44'),(222,127,201,NULL,1,27,'none',1,'2021-04-04 20:30:50'),(223,5,1,'gg',0,NULL,NULL,NULL,'2021-04-04 20:55:13'),(224,5,1,'gg',0,NULL,NULL,NULL,'2021-04-04 20:55:21'),(225,5,1,'gg',0,NULL,NULL,NULL,'2021-04-04 20:55:22'),(226,5,1,'gg',0,NULL,NULL,NULL,'2021-04-04 20:55:24'),(227,5,1,'gg',0,NULL,NULL,NULL,'2021-04-04 20:56:16'),(228,5,198,'gg',0,NULL,NULL,NULL,'2021-04-04 20:56:55'),(229,5,198,'gg',0,NULL,NULL,NULL,'2021-04-04 20:56:57'),(230,5,198,'gg',0,NULL,NULL,NULL,'2021-04-04 20:56:58'),(231,5,198,'gg',0,NULL,NULL,NULL,'2021-04-04 20:57:20'),(232,5,198,'gg',0,NULL,NULL,NULL,'2021-04-04 20:57:21'),(233,2,198,'gg',0,NULL,NULL,NULL,'2021-04-04 20:58:36'),(234,2,198,'gg',0,NULL,NULL,NULL,'2021-04-04 20:58:37'),(235,2,198,'gg',0,NULL,NULL,NULL,'2021-04-04 20:58:38'),(236,2,198,'gg',0,NULL,NULL,NULL,'2021-04-04 20:58:56'),(237,2,198,'gg',0,NULL,NULL,NULL,'2021-04-04 21:00:31'),(238,2,198,'gg',0,NULL,NULL,NULL,'2021-04-04 21:00:33'),(239,2,198,'gg',0,NULL,NULL,NULL,'2021-04-04 21:00:34'),(240,128,200,NULL,0,NULL,NULL,NULL,'2021-04-05 17:17:00'),(241,130,200,NULL,0,NULL,NULL,NULL,'2021-04-05 17:18:03'),(242,133,200,NULL,0,NULL,NULL,NULL,'2021-04-05 19:52:17'),(243,133,200,NULL,0,NULL,NULL,NULL,'2021-04-05 19:52:23'),(244,133,200,NULL,0,NULL,NULL,NULL,'2021-04-05 19:52:29'),(245,4,198,'gg',0,NULL,NULL,NULL,'2021-04-05 19:54:23'),(246,4,198,'gg',0,NULL,NULL,NULL,'2021-04-05 19:54:24'),(247,4,198,'gg',0,NULL,NULL,NULL,'2021-04-05 19:54:26'),(248,4,198,'gg',0,NULL,NULL,NULL,'2021-04-05 19:54:27'),(249,4,198,'gg',0,NULL,NULL,NULL,'2021-04-05 19:55:31'),(250,5,198,'gg',0,NULL,NULL,NULL,'2021-04-05 19:57:26'),(251,5,198,'gg',0,NULL,NULL,NULL,'2021-04-05 19:57:27'),(252,5,198,'gg',0,NULL,NULL,NULL,'2021-04-05 19:57:29'),(253,5,198,'gg',0,NULL,NULL,NULL,'2021-04-05 19:57:36'),(254,134,201,NULL,0,NULL,NULL,NULL,'2021-04-05 19:57:45'),(255,5,198,'gg',0,NULL,NULL,NULL,'2021-04-05 19:59:47'),(256,5,198,'gg',0,NULL,NULL,NULL,'2021-04-05 19:59:49'),(257,5,198,'gg',0,NULL,NULL,NULL,'2021-04-05 19:59:50'),(258,7,198,'gg',0,NULL,NULL,NULL,'2021-04-05 20:00:06'),(259,7,198,'gg',0,NULL,NULL,NULL,'2021-04-05 20:00:07'),(260,7,198,'gg',0,NULL,NULL,NULL,'2021-04-05 20:00:08'),(261,134,201,NULL,0,NULL,NULL,NULL,'2021-04-05 20:00:16'),(262,134,201,NULL,0,NULL,NULL,NULL,'2021-04-05 20:00:28'),(263,7,198,'gg',0,NULL,NULL,NULL,'2021-04-05 20:00:49'),(264,7,198,'gg',0,NULL,NULL,NULL,'2021-04-05 20:00:53'),(265,134,201,NULL,0,NULL,NULL,NULL,'2021-04-05 20:05:12'),(266,134,201,NULL,0,NULL,NULL,NULL,'2021-04-05 20:05:22'),(267,134,201,NULL,0,NULL,NULL,NULL,'2021-04-05 20:05:27'),(268,134,201,NULL,0,NULL,NULL,NULL,'2021-04-05 20:06:05'),(269,134,201,NULL,0,NULL,NULL,NULL,'2021-04-05 20:07:03'),(270,134,201,NULL,0,NULL,NULL,NULL,'2021-04-05 20:07:09'),(271,134,201,NULL,0,NULL,NULL,NULL,'2021-04-05 20:07:40'),(272,134,199,NULL,0,NULL,NULL,NULL,'2021-04-05 20:13:56'),(273,134,199,NULL,0,NULL,NULL,NULL,'2021-04-05 20:14:04'),(274,134,199,NULL,0,NULL,NULL,NULL,'2021-04-05 20:14:11'),(275,134,199,NULL,0,NULL,NULL,NULL,'2021-04-05 20:14:26'),(276,134,199,NULL,0,NULL,NULL,NULL,'2021-04-05 20:14:34'),(277,134,199,NULL,0,NULL,NULL,NULL,'2021-04-05 20:14:40'),(278,134,201,NULL,0,NULL,NULL,NULL,'2021-04-05 23:35:49'),(279,134,201,NULL,0,NULL,NULL,NULL,'2021-04-05 23:36:08'),(280,134,201,NULL,0,NULL,NULL,NULL,'2021-04-05 23:36:34'),(281,136,201,NULL,0,NULL,NULL,NULL,'2021-04-06 14:04:05'),(282,136,201,NULL,1,27,'Wow',1,'2021-04-06 14:35:40'),(283,136,201,NULL,1,27,'Jnenakka',1,'2021-04-06 14:49:09'),(284,136,201,NULL,1,27,'وومم',1,'2021-04-06 14:49:19'),(285,136,201,NULL,1,27,'none',1,'2021-04-06 14:49:26'),(286,136,201,NULL,1,27,'Jakskak',1,'2021-04-06 14:49:35'),(287,133,201,NULL,0,NULL,NULL,NULL,'2021-04-09 14:21:07'),(288,133,198,NULL,0,NULL,NULL,NULL,'2021-04-09 14:21:50'),(289,137,201,NULL,0,NULL,NULL,NULL,'2021-04-09 18:27:33'),(290,137,201,NULL,0,NULL,NULL,NULL,'2021-04-09 18:27:42'),(291,137,201,NULL,0,NULL,NULL,NULL,'2021-04-09 18:28:03'),(292,137,201,NULL,0,NULL,NULL,NULL,'2021-04-09 18:46:04'),(293,137,201,NULL,0,NULL,NULL,NULL,'2021-04-09 18:46:07'),(294,137,201,NULL,0,NULL,NULL,NULL,'2021-04-09 18:46:56'),(295,137,201,NULL,0,NULL,NULL,NULL,'2021-04-09 18:47:03'),(296,137,201,NULL,0,NULL,NULL,NULL,'2021-04-09 18:47:47'),(297,137,201,NULL,0,NULL,NULL,NULL,'2021-04-09 18:47:50'),(298,137,201,NULL,0,NULL,NULL,NULL,'2021-04-09 18:48:39'),(299,137,201,NULL,0,NULL,NULL,NULL,'2021-04-09 18:52:31'),(300,133,201,'Try',1,40,'/$',0,'2021-04-11 12:57:10'),(301,133,201,'استمتعت',1,40,'احسنتي',1,'2021-04-12 12:38:10'),(302,133,201,NULL,1,40,'none',1,'2021-04-12 13:17:28'),(303,133,201,NULL,1,40,'none',0,'2021-04-12 13:22:11'),(304,133,201,NULL,0,40,NULL,NULL,'2021-04-12 13:25:28'),(305,133,201,NULL,1,40,'none',0,'2021-04-12 13:27:34'),(306,133,201,NULL,1,40,'none',0,'2021-04-12 13:35:04'),(307,133,201,NULL,1,40,'none',0,'2021-04-12 13:35:41'),(308,133,201,NULL,0,40,NULL,NULL,'2021-04-12 13:35:46'),(309,133,201,NULL,1,40,'none',0,'2021-04-12 13:36:06'),(310,133,201,NULL,0,40,NULL,NULL,'2021-04-12 13:36:09'),(311,133,201,NULL,1,40,'none',1,'2021-04-12 13:36:22'),(312,133,201,NULL,0,40,NULL,NULL,'2021-04-12 13:36:26'),(313,133,201,NULL,1,40,'none',1,'2021-04-12 13:36:57'),(314,133,201,NULL,1,40,'none',0,'2021-04-12 13:44:17'),(315,133,201,NULL,1,40,'wwww',1,'2021-04-12 13:44:21'),(316,133,201,NULL,1,40,'none',0,'2021-04-12 13:46:46'),(317,133,201,NULL,1,40,'none',0,'2021-04-12 13:47:41'),(318,133,201,NULL,1,NULL,'wwww',1,'2021-04-12 13:56:46'),(319,133,201,NULL,1,40,'Great',1,'2021-04-12 13:57:15'),(320,133,201,NULL,1,40,'Wow',1,'2021-04-12 14:05:04'),(321,133,201,NULL,1,40,'Wow',1,'2021-04-12 14:07:19'),(322,133,201,NULL,1,40,'Nn',0,'2021-04-12 14:09:59'),(323,133,201,'اا',1,40,'Manaka',1,'2021-04-12 14:13:35'),(324,133,201,NULL,1,40,'!-!-&&&',0,'2021-04-12 14:13:47'),(325,133,201,NULL,1,40,'Nn',0,'2021-04-12 14:17:37'),(326,133,201,NULL,1,27,'Kjjjj',1,'2021-04-12 16:41:42'),(327,133,201,NULL,1,27,'Jjjj',1,'2021-04-12 17:11:50'),(328,133,201,NULL,1,27,'wwww',1,'2021-04-12 17:12:00'),(329,133,201,NULL,1,29,'wwww',1,'2021-04-12 17:47:02'),(330,133,201,NULL,1,27,'none',0,'2021-04-12 17:53:23'),(331,133,201,NULL,1,27,'none',0,'2021-04-12 17:53:35'),(332,133,201,NULL,1,27,'none',1,'2021-04-12 17:58:37'),(333,133,201,NULL,1,27,'none',1,'2021-04-13 13:30:27'),(334,133,201,NULL,1,27,'none',1,'2021-04-13 13:30:39'),(335,133,199,NULL,1,27,'none',0,'2021-04-13 18:32:50'),(336,133,199,NULL,1,27,'none',1,'2021-04-13 18:33:07'),(337,133,199,' استمعت كثيرا بالتجربة',1,27,'Good',1,'2021-04-13 18:33:59'),(338,133,201,'Hhhggffd\n\n',1,27,'none',1,'2021-04-13 18:59:23'),(339,133,201,NULL,0,27,NULL,NULL,'2021-04-13 18:59:34'),(340,133,201,NULL,1,27,'Jjjj',1,'2021-04-13 19:29:43'),(341,133,201,'استمتعت\n',1,27,'none',1,'2021-04-13 19:29:56'),(342,133,201,NULL,0,29,NULL,NULL,'2021-04-13 21:03:05'),(343,133,201,NULL,0,NULL,NULL,NULL,'2021-04-13 21:03:16'),(344,143,199,'منينيويمسمسمسمس',0,NULL,NULL,NULL,'2021-04-13 21:29:08'),(345,133,201,NULL,0,29,NULL,NULL,'2021-04-14 01:50:16'),(346,133,201,NULL,0,NULL,NULL,NULL,'2021-04-14 15:30:14'),(347,133,201,'Hhh\n',1,27,'none',0,'2021-04-14 18:36:35'),(348,133,203,NULL,0,NULL,NULL,NULL,'2021-04-16 16:45:00'),(349,133,203,NULL,0,NULL,NULL,NULL,'2021-04-16 16:48:04'),(350,144,203,'للب\n\n',0,NULL,NULL,NULL,'2021-04-16 18:35:03'),(351,151,202,'تعلمت الكثير واستمتعت جداً',0,NULL,NULL,NULL,'2021-04-16 20:07:19'),(352,151,202,'تجربة جميلة جدا، تعلمت الكثيييير منها ',0,NULL,NULL,NULL,'2021-04-16 20:09:54'),(353,152,202,'😍😍😍\n',0,NULL,NULL,NULL,'2021-04-17 16:48:42'),(354,154,202,'التجربه ممتعه',0,NULL,NULL,NULL,'2021-04-17 23:47:10'),(355,157,202,NULL,0,NULL,NULL,NULL,'2021-04-18 19:21:43'),(356,157,202,NULL,0,NULL,NULL,NULL,'2021-04-18 19:22:09'),(357,157,202,NULL,0,NULL,NULL,NULL,'2021-04-18 19:22:15'),(358,157,203,'استمتعت كثيرا !!! 😍',1,52,'احسنتي',1,'2021-04-19 21:18:23'),(359,157,203,NULL,0,52,NULL,NULL,'2021-04-19 23:13:25'),(360,157,203,'Jejsjsnsnssnnsnsnsnsndjdjdndnndndndndjdjdjdjdjjdjdjdjdjdjdndmdndndnnd\n',1,52,'حاول مره تخرى',0,'2021-04-19 23:15:15'),(361,166,207,'استمتعت كثيرا',1,54,'none',1,'2021-04-21 20:35:11'),(362,171,207,'رااائعع ',0,NULL,NULL,NULL,'2021-04-23 20:15:18'),(363,171,207,'تعلمت الكثير من هاذي التجربة، اندهشت عندما لم يختلط الماء بالماء! ',0,53,NULL,NULL,'2021-04-30 23:24:57'),(364,171,211,'تعلمت الكثير من هذه التجربة!\n',0,NULL,NULL,NULL,'2021-05-01 19:34:27'),(365,171,211,'رائع',0,NULL,NULL,NULL,'2021-05-02 00:33:22'),(366,171,211,'رااائع',0,NULL,NULL,NULL,'2021-05-02 00:33:28'),(367,171,212,'جميل',0,NULL,NULL,NULL,'2021-05-02 00:42:17'),(368,171,212,'راائعع',0,NULL,NULL,NULL,'2021-05-02 00:42:35'),(369,171,211,'ممتع',0,NULL,NULL,NULL,'2021-05-02 00:43:38'),(370,171,211,'ممتع',0,NULL,NULL,NULL,'2021-05-02 00:43:59'),(371,171,212,'راا',0,NULL,NULL,NULL,'2021-05-02 00:44:23'),(372,166,212,NULL,0,NULL,NULL,NULL,'2021-05-03 23:47:27'),(373,166,212,NULL,0,54,NULL,NULL,'2021-05-03 23:49:15'),(374,166,212,NULL,0,NULL,NULL,NULL,'2021-05-04 19:25:24'),(375,166,212,NULL,0,NULL,NULL,NULL,'2021-05-04 19:28:55'),(376,166,212,NULL,0,NULL,NULL,NULL,'2021-05-04 19:29:59'),(377,166,212,NULL,1,55,'none',1,'2021-05-05 16:54:21'),(378,166,211,NULL,1,55,'none',1,'2021-05-05 18:24:02'),(379,166,212,'وو\n',0,54,NULL,NULL,'2021-05-05 21:32:30'),(380,166,212,'زر\n\n',0,54,NULL,NULL,'2021-05-05 21:34:52'),(381,166,211,NULL,0,NULL,NULL,NULL,'2021-05-05 21:43:24'),(382,166,212,NULL,0,NULL,NULL,NULL,'2021-05-05 23:53:19'),(383,166,212,NULL,0,55,NULL,NULL,'2021-05-06 00:19:02'),(384,166,212,'أستمتعت كثيرا 😸😸',0,NULL,NULL,NULL,'2021-05-06 01:10:37'),(385,166,208,'مفيد جدا لدروس العلوم🔬🔬',1,66,'none',1,'2021-05-06 01:13:08'),(386,167,211,NULL,1,66,'احسنت يافيصل لكن اعد التجربه👍',0,'2021-05-06 01:21:28'),(387,168,212,NULL,1,66,'none',1,'2021-05-06 01:22:20'),(388,168,204,'تجربة تحتاج تحدي لكن ممتعه💕',1,66,'none',1,'2021-05-06 01:23:00'),(389,196,202,'واجهت صعوبة في المحاولات الاولى لكن استمعت بالمحاولة 😊',0,66,NULL,NULL,'2021-05-06 01:25:47'),(390,196,208,NULL,1,66,'أحسنتي يا ديما 👍',1,'2021-05-06 01:30:19'),(391,196,211,NULL,1,66,'حاولي مرة اخرى',0,'2021-05-06 01:56:40'),(392,196,203,NULL,0,NULL,NULL,NULL,'2021-05-06 01:57:59'),(393,196,212,NULL,0,NULL,NULL,NULL,'2021-05-06 02:34:00'),(394,196,212,NULL,0,NULL,NULL,NULL,'2021-05-06 08:13:15'),(395,196,211,'ممتع',0,NULL,NULL,NULL,'2021-05-06 08:34:14'),(396,196,211,NULL,0,NULL,NULL,NULL,'2021-05-06 08:34:58'),(397,196,203,'ممتع 🧐 ',0,NULL,NULL,NULL,'2021-05-06 08:35:59'),(398,196,206,'الطاقة الهوائية جدا مهمه وممتعه 😸💕💕',0,NULL,NULL,NULL,'2021-05-06 08:38:31'),(399,196,204,'تعلمت الكثير عن الاحتباس الحراري خلال التجربة اتمنى الوعي باهميته اكثر بالمستقبل 🧐🔬',0,66,NULL,NULL,'2021-05-06 08:40:43'),(400,167,206,'طاقة الهواء جدا ممتعه😸💕',1,66,'أحسنت رائع 😊',1,'2021-05-06 09:23:08'),(401,196,212,NULL,0,66,NULL,NULL,'2021-05-06 10:23:12');
/*!40000 ALTER TABLE `solutions` ENABLE KEYS */;
UNLOCK TABLES;

--
-- Table structure for table `trophy`
--

DROP TABLE IF EXISTS `trophy`;
/*!40101 SET @saved_cs_client     = @@character_set_client */;
/*!50503 SET character_set_client = utf8mb4 */;
CREATE TABLE `trophy` (
  `id` int NOT NULL AUTO_INCREMENT,
  `user_id` int NOT NULL,
  `type` varchar(2) NOT NULL,
  `created_at` timestamp NOT NULL DEFAULT CURRENT_TIMESTAMP,
  PRIMARY KEY (`id`)
) ENGINE=InnoDB AUTO_INCREMENT=144 DEFAULT CHARSET=utf8mb3;
/*!40101 SET character_set_client = @saved_cs_client */;

--
-- Dumping data for table `trophy`
--

LOCK TABLES `trophy` WRITE;
/*!40000 ALTER TABLE `trophy` DISABLE KEYS */;
INSERT INTO `trophy` VALUES (1,3,'21','2021-02-27 20:04:46'),(2,1,'21','2021-02-28 18:40:55'),(3,1,'22','2021-02-28 19:48:39'),(4,1,'21','2021-03-01 19:56:33'),(5,1,'21','2021-03-03 21:58:37'),(6,1,'22','2021-03-03 22:09:53'),(7,1,'23','2021-03-03 22:14:14'),(8,1,'21','2021-03-04 00:04:16'),(9,1,'22','2021-03-04 10:15:19'),(10,81,'21','2021-03-15 11:14:32'),(11,81,'22','2021-03-15 11:14:38'),(12,81,'11','2021-03-23 18:42:19'),(13,81,'12','2021-03-24 10:35:55'),(14,81,'13','2021-03-24 12:17:06'),(15,81,'14','2021-03-24 12:36:09'),(16,81,'21','2021-03-25 11:03:52'),(17,81,'31','2021-03-25 11:03:52'),(18,81,'22','2021-03-25 11:06:12'),(19,81,'32','2021-03-25 11:06:12'),(20,81,'33','2021-03-25 11:47:07'),(21,81,'23','2021-03-25 11:47:07'),(22,81,'34','2021-03-25 11:50:36'),(23,81,'24','2021-03-25 11:50:36'),(24,115,'21','2021-03-26 17:16:26'),(25,115,'11','2021-03-26 17:16:26'),(26,115,'31','2021-03-26 17:23:17'),(27,101,'21','2021-03-27 20:44:27'),(28,101,'11','2021-03-27 20:44:27'),(29,101,'22','2021-03-27 21:50:29'),(30,101,'12','2021-03-27 21:50:29'),(31,101,'31','2021-03-28 13:53:32'),(32,101,'32','2021-03-28 13:54:49'),(33,101,'23','2021-03-28 15:27:38'),(34,101,'13','2021-03-28 15:27:38'),(35,101,'24','2021-03-29 11:29:49'),(36,101,'14','2021-03-29 11:29:49'),(37,101,'33','2021-03-29 11:36:11'),(38,101,'34','2021-03-29 11:39:03'),(39,122,'21','2021-03-30 15:40:54'),(40,122,'11','2021-03-30 15:40:54'),(41,123,'11','2021-03-30 16:13:20'),(42,123,'21','2021-03-30 16:13:20'),(43,91,'11','2021-03-31 04:14:51'),(44,91,'21','2021-03-31 04:14:51'),(45,91,'31','2021-03-31 04:14:51'),(46,91,'22','2021-03-31 04:18:45'),(47,91,'12','2021-03-31 04:18:45'),(48,91,'32','2021-03-31 04:18:45'),(49,123,'22','2021-03-31 13:14:06'),(50,123,'12','2021-03-31 13:14:06'),(51,125,'11','2021-03-31 13:18:17'),(52,125,'21','2021-03-31 13:18:17'),(53,123,'13','2021-04-02 12:32:45'),(54,123,'23','2021-04-02 12:32:45'),(55,126,'21','2021-04-02 12:35:35'),(56,126,'11','2021-04-02 12:35:35'),(57,126,'31','2021-04-02 12:35:35'),(58,127,'21','2021-04-03 13:30:02'),(59,127,'11','2021-04-03 13:30:02'),(60,127,'22','2021-04-03 13:31:05'),(61,127,'12','2021-04-03 13:31:05'),(62,127,'31','2021-04-03 13:31:05'),(63,128,'21','2021-04-03 15:14:16'),(64,128,'11','2021-04-03 15:14:16'),(65,128,'31','2021-04-03 15:14:16'),(66,128,'12','2021-04-03 15:15:34'),(67,128,'22','2021-04-03 15:15:34'),(68,128,'32','2021-04-03 15:15:34'),(69,127,'13','2021-04-03 21:18:28'),(70,127,'23','2021-04-03 21:18:28'),(71,127,'24','2021-04-03 21:20:38'),(72,127,'14','2021-04-03 21:20:38'),(73,129,'21','2021-04-04 18:29:14'),(74,5,'11','2021-04-04 20:56:58'),(75,5,'21','2021-04-04 20:56:58'),(76,5,'31','2021-04-04 20:56:58'),(77,5,'12','2021-04-04 20:57:21'),(78,5,'22','2021-04-04 20:57:21'),(79,5,'32','2021-04-04 20:57:21'),(80,2,'22','2021-04-04 21:00:31'),(81,2,'12','2021-04-04 21:00:31'),(82,2,'32','2021-04-04 21:00:31'),(83,133,'21','2021-04-05 19:52:29'),(84,133,'11','2021-04-05 19:52:29'),(85,133,'31','2021-04-05 19:52:29'),(86,4,'11','2021-04-05 19:54:26'),(87,4,'21','2021-04-05 19:54:26'),(88,4,'31','2021-04-05 19:54:26'),(89,4,'12','2021-04-05 19:55:31'),(90,4,'22','2021-04-05 19:55:31'),(91,4,'32','2021-04-05 19:55:31'),(92,5,'13','2021-04-05 19:59:47'),(93,5,'23','2021-04-05 19:59:47'),(94,5,'33','2021-04-05 19:59:47'),(95,5,'24','2021-04-05 19:59:50'),(96,5,'14','2021-04-05 19:59:50'),(97,5,'34','2021-04-05 19:59:50'),(98,7,'11','2021-04-05 20:00:08'),(99,7,'21','2021-04-05 20:00:08'),(100,7,'31','2021-04-05 20:00:08'),(101,134,'21','2021-04-05 20:00:28'),(102,7,'12','2021-04-05 20:00:53'),(103,7,'32','2021-04-05 20:00:53'),(104,7,'22','2021-04-05 20:00:53'),(105,134,'22','2021-04-05 20:05:22'),(106,134,'42','2021-04-05 20:05:22'),(107,134,'43','2021-04-05 20:07:40'),(108,134,'23','2021-04-05 20:07:40'),(109,134,'24','2021-04-05 20:14:04'),(110,134,'44','2021-04-05 20:14:04'),(111,134,'11','2021-04-05 20:14:11'),(112,134,'12','2021-04-05 20:14:34'),(113,136,'41','2021-04-06 14:49:09'),(114,136,'21','2021-04-06 14:49:09'),(115,136,'22','2021-04-06 14:49:26'),(116,136,'42','2021-04-06 14:49:26'),(117,133,'22','2021-04-09 14:21:50'),(118,133,'42','2021-04-09 14:21:50'),(119,137,'21','2021-04-09 18:28:03'),(120,137,'41','2021-04-09 18:28:03'),(121,137,'22','2021-04-09 18:46:07'),(122,137,'42','2021-04-09 18:46:07'),(123,137,'23','2021-04-09 18:48:39'),(124,137,'43','2021-04-09 18:48:39'),(125,133,'23','2021-04-12 13:25:28'),(126,133,'43','2021-04-12 13:25:28'),(127,133,'24','2021-04-12 13:35:04'),(128,133,'44','2021-04-12 13:35:04'),(129,133,'12','2021-04-13 18:32:50'),(130,157,'21','2021-04-18 19:22:15'),(131,157,'41','2021-04-18 19:22:15'),(132,157,'42','2021-04-19 23:13:25'),(133,171,'41','2021-05-01 19:34:27'),(134,171,'42','2021-05-02 00:33:28'),(135,171,'43','2021-05-02 00:44:23'),(136,166,'41','2021-05-03 23:49:15'),(137,166,'42','2021-05-04 19:28:55'),(138,166,'43','2021-05-05 21:34:52'),(139,166,'44','2021-05-05 23:53:19'),(140,196,'41','2021-05-06 01:56:40'),(141,196,'42','2021-05-06 02:34:00'),(142,196,'43','2021-05-06 08:38:31'),(143,196,'44','2021-05-06 10:23:12');
/*!40000 ALTER TABLE `trophy` ENABLE KEYS */;
UNLOCK TABLES;

--
-- Table structure for table `users`
--

DROP TABLE IF EXISTS `users`;
/*!40101 SET @saved_cs_client     = @@character_set_client */;
/*!50503 SET character_set_client = utf8mb4 */;
CREATE TABLE `users` (
  `id` int NOT NULL AUTO_INCREMENT,
  `first_name` varchar(50) NOT NULL,
  `last_name` varchar(50) NOT NULL,
  `email` varchar(100) NOT NULL,
  `school` varchar(50) DEFAULT NULL,
  `country` varchar(50) NOT NULL,
  `points` int NOT NULL DEFAULT '0',
  `avatar_id` int NOT NULL DEFAULT '1',
  `user_type` int NOT NULL,
  `notification_token` varchar(255) DEFAULT NULL,
  `feedback_notification` tinyint(1) NOT NULL DEFAULT '0',
  `request_respond_notification` tinyint(1) NOT NULL DEFAULT '0',
  `request_notification` tinyint(1) NOT NULL DEFAULT '0',
  `created_at` timestamp NOT NULL DEFAULT CURRENT_TIMESTAMP,
  PRIMARY KEY (`id`),
  UNIQUE KEY `email` (`email`)
) ENGINE=InnoDB AUTO_INCREMENT=203 DEFAULT CHARSET=utf8mb3;
/*!40101 SET character_set_client = @saved_cs_client */;

--
-- Dumping data for table `users`
--

LOCK TABLES `users` WRITE;
/*!40000 ALTER TABLE `users` DISABLE KEYS */;
INSERT INTO `users` VALUES (1,'22','22','sssdds@a.com','22','22',1,1,2,'dddddgggggdddddgggggdddddgggggdddddgggggdddddgggggdddddgggggdddddgggggdddddgggggdddddgggggdddddgggggdddddgggggdddddgggggdddddgggggdddddgggggdddddgggggdddddgggggdddddgggggdddddgggggdddddgggggdddddggggg',1,1,1,'2021-02-15 16:12:35'),(15,'لللل','لللل','Jjp@gmail.com','Fff','Ffff',0,1,3,NULL,0,0,0,'2021-03-01 20:54:05'),(16,'Gg','Ggg','Oooo@gmail.com','Vvv','Vvv',0,1,3,NULL,0,0,0,'2021-03-01 20:57:57'),(17,'نوف','الجفير','nouffff@gmail.com','Fff','Fff',0,1,2,NULL,0,0,0,'2021-03-01 21:06:24'),(18,'Jj','Jj','Bb@gmail.com','Kk','Jjj',0,1,2,NULL,0,0,0,'2021-03-01 21:07:17'),(19,'2222','2222','Noufaaa@gmail.com','Dd','Dddd',0,1,3,NULL,0,0,0,'2021-03-01 21:12:11'),(20,'No','Nnn','U@gmail.com','D','D',0,1,2,NULL,0,0,0,'2021-03-01 21:16:28'),(22,'Ff','Ff','L@gmail.com','Ddd','Ddd',0,1,3,NULL,0,0,0,'2021-03-01 21:24:21'),(24,'Rr','Rr','T@d.com',NULL,'Cccc',0,1,3,NULL,0,0,0,'2021-03-01 22:02:00'),(25,'للللل','لللل','No@gmail.com','لل','Cc',0,1,3,NULL,0,0,0,'2021-03-01 22:12:26'),(26,'ققب','Cc','Nnnqwer@gmail.com','Ff','Ff',0,1,3,NULL,0,0,0,'2021-03-01 22:13:13'),(27,'1','1','N.ou@gmail.com',NULL,'1',0,1,3,NULL,0,0,0,'2021-03-01 23:06:26'),(28,'Nouf','Aaaa','Niii@gmail.com',NULL,'1',0,1,3,NULL,0,0,0,'2021-03-01 23:24:34'),(29,'1','1','Poppop@gmail.com','S','S',0,1,3,NULL,0,0,0,'2021-03-01 23:32:39'),(30,'Hh','Hh','Nnnuhug@gmail.com','Jjj','Jjj',0,1,3,NULL,0,0,0,'2021-03-01 23:44:47'),(31,'1111','11','Kkkk',NULL,'W',0,1,3,NULL,0,0,0,'2021-03-02 11:01:50'),(33,'555','77','Lkjhgfdsa@gmail.com',NULL,'H',0,1,3,NULL,0,0,0,'2021-03-02 11:08:11'),(34,'555','77','Lkjhgfdsa@gmail.co',NULL,'H',0,1,3,NULL,0,0,0,'2021-03-02 11:08:34'),(35,'Q','Q','Kmkwjskjskw@gmail.com',NULL,'W',0,1,3,NULL,0,0,0,'2021-03-02 11:14:34'),(38,'Q','Q','Kmkwjskjskw.com',NULL,'X',0,1,3,NULL,0,0,0,'2021-03-02 11:17:30'),(39,'Bb','Hhh','Hhh',NULL,'H',0,1,3,NULL,0,0,0,'2021-03-02 11:19:48'),(40,'Nn','Nn','Kk',NULL,'Hh',0,1,3,NULL,0,0,0,'2021-03-02 11:23:05'),(42,'Bbb','Nnn','Jjjj',NULL,'Jj',0,1,3,NULL,0,0,0,'2021-03-02 11:34:02'),(43,'نوف','الجفير','Noiuffff@gmail.com',NULL,'1',0,1,3,NULL,0,0,0,'2021-03-02 12:19:48'),(44,'نوف','الجفير','noooonyyy@gmail.com',NULL,'السعودية',0,1,3,NULL,0,0,0,'2021-03-02 12:25:33'),(45,'Nn','Bb','Ffuuuu@gmail.com',NULL,'1',0,1,3,NULL,0,0,0,'2021-03-02 12:27:03'),(48,'Bbbb','Nnnn','Lllskmkwjiswkoksow@gmail.com',NULL,'2',0,1,3,NULL,0,0,0,'2021-03-02 12:37:07'),(49,'Nnnnn','Nnnnn','Bbbhwbdhbh@gmail.com',NULL,'1',0,1,3,NULL,0,0,0,'2021-03-02 12:46:56'),(50,'نوف','الحفير ','Nnnjekwkeka@gmail.com',NULL,'السعودية',0,1,3,NULL,0,0,0,'2021-03-02 12:58:15'),(52,'Nouf','الجفير','Nouuuuuf1420@gmail.com','Nnn','Nnnn',0,1,2,NULL,0,0,0,'2021-03-02 13:12:44'),(53,'Nod','Eenheje','Hsmskakaka@gmail.com',NULL,'H',0,1,2,NULL,0,0,0,'2021-03-02 13:14:38'),(54,'Cdsjsjs','Hdjshsjs','Hejakaakj@gmail.com','H','N',0,1,3,NULL,0,0,0,'2021-03-02 13:19:06'),(55,'Vbgg','Bbdbdb','Nsjsjjsjs@gmail.com','Jsj','Jsjsj',0,1,3,NULL,0,0,0,'2021-03-02 13:22:13'),(56,'Bsjshs','Nsjsjssn','Hsjsjs@gmail.com',NULL,'Sd',0,1,3,NULL,0,0,0,'2021-03-02 13:24:10'),(57,'Dhdhhs','Dhhdhs','Kak@hmail.com',NULL,'Hhh',0,1,3,NULL,0,0,0,'2021-03-02 13:27:16'),(58,'Hhhh','Hhhhh','Nousjsjsj@gmail.com',NULL,'Ggg',0,1,3,NULL,0,0,0,'2021-03-02 13:28:46'),(60,'نوف','الجفير','Noufaljufair11@gmail.com',NULL,'1',0,1,0,NULL,0,0,0,'2021-03-03 08:07:06'),(64,'Nouf','Nnn','Kkkkkk@gmail.com',NULL,'Gg',0,1,3,NULL,0,0,0,'2021-03-03 20:47:20'),(65,'Jjj','Jjj','Jfjfjfjfj@gmail.com',NULL,'2',0,1,3,NULL,0,0,0,'2021-03-03 21:02:09'),(73,'sanad','ghaben','test@test.com','test','test',0,1,3,NULL,0,0,0,'2021-03-08 04:57:31'),(75,'sanad2','ghaben2','test2@test2.com','test2','test2',0,1,2,NULL,0,0,0,'2021-03-08 05:21:29'),(76,'sanad23','ghaben3','test23@test2.com','test3','test3',0,1,3,NULL,0,0,0,'2021-03-08 05:22:31'),(78,'sanad234','ghaben34','test234@test2.com','test34','test34',0,1,2,NULL,0,0,0,'2021-03-08 05:23:22'),(80,'sanad234','ghaben34','test2534@test2.com','test34','test34',0,1,2,NULL,0,0,0,'2021-03-08 09:55:32'),(82,'Teacher','Teacher','Teacher@Teacher.com','Teacher','Teacher',0,1,2,'eWKMZcJnrECVoxy09OiXC2:APA91bH4jXiNQ6wfhjq5klfBndwYqFLTUoAVJZ0wC9nFoM_YyhCZEQeP-5JB4YK1yGJDyso1CPCJhAszxKcJWmhKQBphtWj-e2uGLXjKgOD09GBDNbrey30Y95l1R7J3pNDy5uKAzDBP',1,1,1,'2021-03-09 08:48:13'),(83,'22','22','Parent@Parent.com','','',0,1,3,NULL,0,0,0,'2021-03-09 08:48:29'),(85,'Test','Test','Snadghaben@icloud.com','Xv','Xcscqcs',0,1,2,NULL,0,0,0,'2021-03-15 11:27:29'),(86,'Vhvff','Fgg','Xx@zz.fffqwe','Cffff','Vccc',0,1,2,NULL,0,0,0,'2021-03-17 18:31:46'),(87,'Test','Test','Test@dtest.com','Qwe','Ddd',0,1,2,NULL,0,0,0,'2021-03-18 17:04:51'),(88,'1212','Qqq','Ss@ss.com','Qweq','Qwe',0,1,3,NULL,0,0,0,'2021-03-18 17:14:53'),(89,'c Qw','Sfjlslfj','Q@q.com','','Vvv',0,8,3,NULL,0,0,0,'2021-03-18 17:15:40'),(90,'Nndfsfs','Ppp','P@p.com','','Ghhn',0,7,3,'eWKMZcJnrECVoxy09OiXC2:APA91bH4jXiNQ6wfhjq5klfBndwYqFLTUoAVJZ0wC9nFoM_YyhCZEQeP-5JB4YK1yGJDyso1CPCJhAszxKcJWmhKQBphtWj-e2uGLXjKgOD09GBDNbrey30Y95l1R7J3pNDy5uKAzDBP',0,0,1,'2021-03-20 17:56:39'),(92,'TEACHERmbv','Dfdfdf','T@t.com','','',0,4,2,'coYQ3h7Ej0OKoKqd6XTLwx:APA91bHOkDBHtar3NmtxCktmNHbfk2RK2S6zDjFYTZ0ElqHli3K0ammo7-3CTxFfdjeqc-wOyTPERQFe_Rz2SmYjkC_QLjZ_5gElaRJ1pUaVjCEBICirEUcyBxpBex4XaUfK1tgOkNtw',1,1,1,'2021-03-20 18:13:15'),(93,'نوف','الجفير','Nparent@n.com','العباقرة','السعودية',0,1,3,NULL,0,0,0,'2021-03-22 17:26:09'),(94,'نوف','الحلوة ','Pnouf@p.com','','',0,12,3,NULL,0,0,0,'2021-03-22 17:30:29'),(97,'نوف','السلمان','Nouf199@gmail.com','','السعودية',0,4,2,NULL,0,0,0,'2021-03-23 12:22:54'),(98,'نوف','الجفير','Parent@n.com',NULL,'السعودية',0,1,3,NULL,0,0,0,'2021-03-23 13:51:20'),(106,'T','T','T1@t.com',NULL,'H',0,1,2,NULL,0,0,0,'2021-03-25 14:20:27'),(108,'sanad234','ghaben34','test4@test2.com','test34','test34',0,1,2,NULL,0,0,0,'2021-03-26 06:20:10'),(109,'Qe','Q','R@r.com','Qwe','Qwe',0,1,3,NULL,0,0,0,'2021-03-26 06:25:22'),(110,'Vsf','Sd','Ww@ww.com','Qwe','Qwwe',0,1,3,NULL,0,0,0,'2021-03-26 06:36:54'),(116,'DDD','TeechSF','TT@t.com','Qw','Qw',0,1,2,NULL,0,0,0,'2021-03-26 17:05:51'),(117,'Kmt','Hh','N@n.com',NULL,'X',0,1,3,NULL,0,0,0,'2021-03-26 17:42:34'),(119,'Jjana','Jaksk','Jakaka@jaka.com',NULL,'Ksks',0,1,2,NULL,0,0,0,'2021-03-28 16:39:01'),(121,'T','D','T9@t.com',NULL,'Nn',0,1,2,NULL,0,0,0,'2021-03-29 19:24:43'),(139,'نوف','No','Nouf@parent.sa','Kk','Ksa',0,1,3,NULL,0,0,0,'2021-04-11 14:11:40'),(140,'Mmm','Jjjj','Nouf99@hotmail.com',NULL,'Ksa',0,1,-1,NULL,0,0,0,'2021-04-11 14:17:01'),(141,'Nouf','T','Teacher@nouf.com',NULL,'Kaa',0,1,2,NULL,0,0,0,'2021-04-12 17:04:04'),(152,'نوف','الخراشي','Noufalkharashi@gmail.com','الخارجية ','السعودية ',2,1,1,NULL,0,0,0,'2021-04-17 16:41:12'),(153,'شهد','ناصر','Shahd@gmail.com','','السعوديه ',0,4,1,NULL,0,0,0,'2021-04-17 21:13:36'),(154,'لينا','القديري','Lena@gmail.com',NULL,'السعوديه',2,1,1,NULL,0,0,0,'2021-04-17 23:46:09'),(155,'عبير','القديري','Abeer@gmail.com',NULL,'السعوديه',0,1,2,NULL,0,0,0,'2021-04-17 23:53:16'),(156,'محمد','القديري','Moh@gmail.com',NULL,'السعوديه',0,1,3,NULL,0,0,0,'2021-04-17 23:57:27'),(157,'نايف','السلمان','Nouf1999@hotmail.com','عبقر','السعودية',10,5,1,NULL,0,0,0,'2021-04-18 18:45:45'),(158,'ابتسام','ال الشيخ','Ibtisam@gmail.com','','',0,21,3,'eodQV8SxAU4hs3p1o0aeWh:APA91bELlXqn14N4iW85_ROjjvatJkp3rQRRL6NBfnsAzLGw4a-YRpCv24Zb72BWR3kZkBJfAZxGwgpmBdrywlCNDMdfjAgZX1Bqaf-2Eh6BLwSqO42748TAi79OaYP7ukVTv09SjqeO',0,0,0,'2021-04-18 18:58:46'),(159,'حمود','الشبيب','Homodalshabib@gmail.com',NULL,'السعودية',0,1,2,NULL,0,0,0,'2021-04-18 19:03:58'),(160,'Nouf','Ss','Noufaljufair12@gmail.com',NULL,'السعودية',0,1,1,NULL,0,0,0,'2021-04-18 19:56:15'),(161,'نوف','سلمان','Noufsal@gmail.com',NULL,'السعودية',0,1,3,NULL,0,0,0,'2021-04-19 20:45:06'),(162,'نوف','سلمان','Teacher@noufs.com','','',0,1,3,NULL,0,0,0,'2021-04-19 21:12:56'),(163,'Nn','Nen','Noufpp@child.com',NULL,'Hh',0,1,1,NULL,0,0,0,'2021-04-19 21:32:28'),(164,'نوف','س','PArent@noufs.com',NULL,'السعودية',0,1,2,NULL,0,0,0,'2021-04-19 22:44:17'),(165,'Nouf','D','Nouf12@child.com',NULL,'Ff',0,1,1,NULL,0,0,0,'2021-04-20 18:07:43'),(166,'عبدالعزيز','العوين','Beez2021@gmail.com','ابن خلدون','السعودية',45,4,1,'fFgKL3m-qk7rkp5O6tT9Kt:APA91bFu3Lq5jFoLqGD30ELutUrBjxTGv087oZjQw2YtZQLELEJkjLmQw264oR_avKVOkvOdwxoc_irhgNzpTfQT5v5DocWLGxapMClhyGjmRj-gA9imzYGhw5zqI6EP7fG4CPjtFTqn',0,0,0,'2021-04-21 19:49:08'),(167,'فيصل','القريشي','Faisal@gmail.com','','السعودية',6,7,1,NULL,0,0,0,'2021-04-21 19:59:32'),(168,'نورة','ال الشيخ','Norah@gmail.com','','السعودية',10,13,1,NULL,0,0,0,'2021-04-21 20:00:49'),(169,'عبدالعزيز','الكثيري','Azoz@gmail.com','','السعودية',0,6,1,NULL,0,0,0,'2021-04-21 20:02:17'),(170,'غادة ','ال الشيخ','Ghada@gmail.com',NULL,'السعودية',0,1,3,NULL,0,0,0,'2021-04-21 20:19:03'),(172,'وفاء','الجفير','Wafa@p.com',NULL,'السعودية',0,1,3,NULL,0,0,0,'2021-04-21 23:03:46'),(173,'فهد','القريشي','Fahad@p.com',NULL,'السعودية',0,1,3,NULL,0,0,0,'2021-04-21 23:09:25'),(174,'موضي ','النملة','Mod@p.com','','',0,1,3,NULL,0,0,0,'2021-04-21 23:20:08'),(175,'D','D','Nouft@t.com',NULL,'n',0,1,2,NULL,0,0,0,'2021-04-23 03:02:50'),(176,'وفاء','الجفير','Wafap@p.com',NULL,'السعودثة',0,1,1,NULL,0,0,0,'2021-04-23 20:45:03'),(177,'وفاء ','الجفير ','Wafas@p.com','','',0,9,3,NULL,0,0,0,'2021-04-23 20:46:07'),(178,'Shh','Kn','Shahd1@gmail.com',NULL,'Hhd',0,1,1,NULL,0,0,0,'2021-04-24 01:02:24'),(179,'موضي ','النملة','Modhi@t.com',NULL,'السعودية',0,1,2,'dTGro8xz70B2oc7-NMjb_N:APA91bFeEvzrYZ9rQMqTNnnCobI72EARtLIDwZBlWXl0ZI9ChwzldOkZr0jpxf0vVTIBxndsL6aRlbyw_qiXOpYuRWMjiww4sugMBLzr1735bA8ygBUS3-DsdiwYzN0Vw47ycPqL29m0',0,0,0,'2021-04-30 19:39:01'),(180,'شهد ','ناصر','Shahd-nag@outlook.com',NULL,'المملكة العربية السعودية',0,1,1,NULL,0,0,0,'2021-04-30 20:25:02'),(181,'شهد ','القديري','Shahd-nag123@outlook.com','مدارس الرواد الاهلية ','المملكة العربية السعودية ',0,1,1,NULL,0,0,0,'2021-04-30 20:54:22'),(182,'ع','الخراشي','Jude@outlook.com',NULL,'المملكة العربية السعودية',0,1,1,NULL,0,0,0,'2021-04-30 21:27:31'),(183,'ععببددااللللههه','الخراشي','Abdullah@gmail.com',NULL,'السعودية',0,1,1,NULL,0,0,0,'2021-04-30 21:29:26'),(184,'عبدالله','ا','Abdullah1@outlook.com',NULL,'المملكة العربية السعودية',0,1,3,NULL,0,0,0,'2021-04-30 21:31:15'),(185,'عبقر','ادمن','AbqarAdmin@gmail.com',NULL,'السعودية',0,1,0,NULL,0,0,0,'2021-04-30 22:29:44'),(186,'Admin','admin','Admin',NULL,'السعودية',0,1,1,NULL,0,0,0,'2021-04-30 22:57:16'),(188,'Admin','admin','Admindd',NULL,'السعودية',0,1,1,NULL,0,0,0,'2021-05-01 01:23:15'),(189,'Gsg','Ggg','C@c1.com','Jdhh','HhhhVdbxb',0,4,1,'coYQ3h7Ej0OKoKqd6XTLwx:APA91bHOkDBHtar3NmtxCktmNHbfk2RK2S6zDjFYTZ0ElqHli3K0ammo7-3CTxFfdjeqc-wOyTPERQFe_Rz2SmYjkC_QLjZ_5gElaRJ1pUaVjCEBICirEUcyBxpBex4XaUfK1tgOkNtw',1,0,0,'2021-05-01 16:58:11'),(190,'نوف','الجفير','Noufaljufair123@p.com',NULL,'السعودية',0,1,1,NULL,0,0,0,'2021-05-04 21:59:14'),(191,'نو','ب','Nouf5@p.com',NULL,'ال',0,1,2,'fh78mhSUuEIyqdQ4kLBYrG:APA91bFMTbJpCAEqLgBvY5ouchyWqjDlcqlpRqrY_QbbBU8S0RGCPpdzs08YMgA-84c7sUsEbgTyWaAOnb4lm84pt10YN-HJqPpC17jt93SyO_t_QD8wPm7LJphMUApxY5WxPdFvqdcu',0,0,1,'2021-05-04 21:59:49'),(192,'وفاء','الجفير','Wafa@parent.com',NULL,'السعودية',0,1,3,'fsxCwuW0WE4ruWBQpjd1jy:APA91bE1UEwC0eUzjuu6YW_feLiNgdVZ4-wNPNXuGoQa3CHYch0kEWCYCbrl7jaTNjyzIV6iC0OF1umRIiwVSySuwDOcgPlkm0e-qB3uMW7nONPWwjCwG7EylQMauVlHGCRwYU8aScTN',0,0,1,'2021-05-05 19:30:32'),(193,'Xx','Dd','Kop@p.com',NULL,'Jaja',0,1,3,NULL,0,0,0,'2021-05-05 20:01:23'),(194,'موضي','النملة','Modhi@gmail.com','','',0,3,2,'fzyLBVCsD0c5s3QxQJtVg7:APA91bH86_E3s099FUkF9w1fIqUYrD_Tzs4KPDXZRMQUO92xcQe9fGcYbv3Ts9dHp4arWIwGijNuxmnF0CZczDeJSwRnwUfGpIV-wNGbpIlyUFtzTRc91If1kZnGBASt3W7YiHqaOebW',0,0,1,'2021-05-06 00:25:55'),(195,'وفاء','الجفير','Wafa@gmail.com','','',0,3,3,'fzyLBVCsD0c5s3QxQJtVg7:APA91bH86_E3s099FUkF9w1fIqUYrD_Tzs4KPDXZRMQUO92xcQe9fGcYbv3Ts9dHp4arWIwGijNuxmnF0CZczDeJSwRnwUfGpIV-wNGbpIlyUFtzTRc91If1kZnGBASt3W7YiHqaOebW',0,0,1,'2021-05-06 00:26:47'),(196,'ديمه','القريشي','Dema@gmail.com','ابن خلدون','السعودية',27,11,1,NULL,0,0,0,'2021-05-06 00:28:06'),(197,'H','Jj','Jj@gmail.com',NULL,'السعودية',0,1,2,NULL,0,0,0,'2021-05-06 03:20:16'),(198,'وو','تت','NNnn@gmail.com',NULL,'Ksa',0,1,3,NULL,0,0,0,'2021-05-06 03:23:41'),(199,'No','No','Nouf@tryy.com',NULL,'Kaa',0,1,2,NULL,0,0,0,'2021-05-06 03:29:40'),(200,'نوف ','الجفير','Noufabqar@gmail.com','','السعودية',0,13,1,NULL,0,0,0,'2021-05-06 09:41:23'),(201,'Try','Try','Try@sha.com',NULL,'Kaa',0,1,3,NULL,0,0,0,'2021-05-06 10:14:55'),(202,'S','Ss','Mkk@gmail.com',NULL,'ن',0,1,1,NULL,0,0,0,'2021-05-08 06:20:50');
/*!40000 ALTER TABLE `users` ENABLE KEYS */;
UNLOCK TABLES;
/*!40103 SET TIME_ZONE=@OLD_TIME_ZONE */;

/*!40101 SET SQL_MODE=@OLD_SQL_MODE */;
/*!40014 SET FOREIGN_KEY_CHECKS=@OLD_FOREIGN_KEY_CHECKS */;
/*!40014 SET UNIQUE_CHECKS=@OLD_UNIQUE_CHECKS */;
/*!40101 SET CHARACTER_SET_CLIENT=@OLD_CHARACTER_SET_CLIENT */;
/*!40101 SET CHARACTER_SET_RESULTS=@OLD_CHARACTER_SET_RESULTS */;
/*!40101 SET COLLATION_CONNECTION=@OLD_COLLATION_CONNECTION */;
/*!40111 SET SQL_NOTES=@OLD_SQL_NOTES */;

-- Dump completed on 2021-06-29 17:27:19
